,user,points,state,timestamp,vaccination_time,wave_no,decision
0,390,90,V,2014-09-15 07:54:32,2014-09-10 23:05:00,1,1
1,392,90,V,2014-09-15 07:53:12,2014-09-08 14:15:00,1,1
2,148,44,R,2014-09-15 07:54:32,,1,0
3,427,90,V,2014-09-15 07:52:53,2014-09-12 00:30:00,1,1
4,70,90,V,2014-09-15 07:52:54,2014-09-08 15:45:00,1,1
5,106,100,S,2014-09-15 07:54:32,,1,0
6,166,67,R,2014-09-15 07:51:12,,1,0
7,133,100,S,2014-09-15 07:54:36,,1,0
8,184,45,R,2014-09-15 07:52:12,,1,0
9,370,100,S,2014-09-15 07:51:20,,1,0
10,251,90,V,2014-09-15 07:51:12,2014-09-08 22:30:00,1,1
11,383,100,S,2014-09-15 07:51:40,,1,0
12,272,100,S,2014-09-15 07:53:53,,1,0
13,329,75,V,2014-09-15 07:51:36,2014-09-08 15:10:00,1,1
14,21,100,S,2014-09-15 07:50:17,,1,0
15,417,90,V,2014-09-15 07:50:53,2014-09-08 14:10:00,1,1
16,32,90,V,2014-09-15 07:51:20,2014-09-08 14:40:00,1,1
17,26,81,R,2014-09-15 07:53:46,,1,0
18,397,100,S,2014-09-15 07:51:42,,1,0
19,115,51,R,2014-09-15 07:50:45,,1,0
20,7,42,R,2014-09-15 07:54:51,,1,0
21,451,44,R,2014-09-15 07:54:27,,1,0
22,165,45,R,2014-09-15 07:50:07,,1,0
23,0,100,S,2014-09-15 07:52:54,,1,0
24,455,90,V,2014-09-15 07:53:27,2014-09-08 16:55:00,1,1
25,453,39,R,2014-09-15 07:54:05,,1,0
26,355,78,V,2014-09-15 07:51:03,2014-09-08 14:40:00,1,1
27,196,100,S,2014-09-15 07:51:29,,1,0
28,479,45,R,2014-09-15 07:52:03,,1,0
29,313,90,V,2014-09-15 07:52:32,2014-09-08 14:10:00,1,1
30,37,50,V,2014-09-15 07:41:58,2014-09-08 22:55:00,1,1
31,34,38,R,2014-09-15 07:53:25,,1,0
32,295,90,V,2014-09-15 07:48:14,2014-09-08 14:25:00,1,1
33,366,57,R,2014-09-15 05:30:39,,1,0
34,58,90,V,2014-09-15 07:50:53,2014-09-08 16:40:00,1,1
35,187,40,R,2014-09-15 07:53:31,,1,0
36,284,64,V,2014-09-15 07:47:01,2014-09-08 18:05:00,1,1
37,236,40,R,2014-09-15 07:54:17,,1,0
38,323,90,V,2014-09-15 07:53:23,2014-09-08 19:30:00,1,1
39,72,38,R,2014-09-15 07:54:42,,1,0
40,322,100,S,2014-09-15 07:53:38,,1,0
41,333,44,R,2014-09-15 07:53:21,,1,0
42,341,77,R,2014-09-15 07:51:13,,1,0
43,134,49,R,2014-09-15 07:53:49,,1,0
44,315,90,V,2014-09-15 07:53:24,2014-09-08 14:10:00,1,1
45,399,43,R,2014-09-15 07:54:44,,1,0
46,282,100,S,2014-09-15 07:52:20,,1,0
47,450,100,S,2014-09-15 07:54:22,,1,0
48,439,90,V,2014-09-15 07:51:28,2014-09-08 18:20:00,1,1
49,156,90,V,2014-09-15 07:53:59,2014-09-09 06:55:00,1,1
50,464,100,S,2014-09-15 07:50:56,,1,0
51,276,90,V,2014-09-15 07:50:28,2014-09-08 16:20:00,1,1
52,217,100,S,2014-09-15 07:50:24,,1,0
53,336,100,S,2014-09-15 07:51:00,,1,0
54,303,90,V,2014-09-15 07:51:40,2014-09-08 14:40:00,1,1
55,430,90,V,2014-09-15 07:51:05,2014-09-08 14:10:00,1,1
56,206,90,V,2014-09-15 07:04:32,2014-09-08 14:40:00,1,1
57,153,52,R,2014-09-15 07:53:19,,1,0
58,443,90,V,2014-09-15 07:54:11,2014-09-09 00:45:00,1,1
59,172,90,V,2014-09-15 07:54:28,2014-09-08 14:10:00,1,1
60,367,51,V,2014-09-15 07:53:47,2014-09-09 19:10:00,1,1
61,407,58,R,2014-09-15 07:52:34,,1,0
62,304,100,S,2014-09-15 07:52:55,,1,0
63,99,90,V,2014-09-15 07:50:38,2014-09-08 14:10:00,1,1
64,5,34,R,2014-09-15 07:51:55,,1,0
65,235,100,S,2014-09-15 07:51:01,,1,0
66,328,90,V,2014-09-15 07:50:50,2014-09-08 15:30:00,1,1
67,393,90,V,2014-09-15 07:54:49,2014-09-09 12:05:00,1,1
68,291,100,S,2014-09-15 07:50:26,,1,0
69,198,90,V,2014-09-15 07:52:00,2014-09-08 22:20:00,1,1
70,428,90,V,2014-09-15 07:54:43,2014-09-08 14:15:00,1,1
71,160,44,R,2014-09-15 07:53:27,,1,0
72,212,100,S,2014-09-15 06:28:24,,1,0
73,260,53,R,2014-09-15 07:53:07,,1,0
74,255,50,R,2014-09-15 07:52:14,,1,0
75,62,100,S,2014-09-15 07:52:12,,1,0
76,24,90,V,2014-09-15 07:54:21,2014-09-08 20:05:00,1,1
77,299,39,R,2014-09-15 07:54:47,,1,0
78,365,59,R,2014-09-15 07:53:21,,1,0
79,38,100,S,2014-09-15 07:52:17,,1,0
80,129,100,S,2014-09-15 07:54:14,,1,0
81,301,100,S,2014-09-15 07:51:16,,1,0
82,389,73,R,2014-09-15 07:51:55,,1,0
83,278,90,V,2014-09-15 07:52:25,2014-09-08 14:10:00,1,1
84,149,90,V,2014-09-15 07:54:22,2014-09-08 15:05:00,1,1
85,349,90,V,2014-09-15 07:52:12,2014-09-08 16:50:00,1,1
86,363,100,S,2014-09-15 07:49:41,,1,0
87,296,90,V,2014-09-15 07:51:43,2014-09-08 15:05:00,1,1
88,65,100,S,2014-09-15 07:51:59,,1,0
89,420,82,V,2014-09-15 07:53:36,2014-09-08 15:30:00,1,1
90,394,90,V,2014-09-15 07:53:46,2014-09-08 17:40:00,1,1
91,488,60,V,2014-09-15 07:51:46,2014-09-08 14:50:00,1,1
92,253,45,R,2014-09-15 07:31:37,,1,0
93,372,90,V,2014-09-15 07:51:37,2014-09-08 23:25:00,1,1
94,54,100,S,2014-09-15 07:50:43,,1,0
95,316,56,R,2014-09-15 07:53:56,,1,0
96,426,56,V,2014-09-15 07:51:15,2014-09-08 14:15:00,1,1
97,431,100,S,2014-09-15 07:51:43,,1,0
98,254,84,V,2014-09-15 07:54:24,2014-09-08 23:15:00,1,1
99,144,90,V,2014-09-15 07:53:00,2014-09-08 14:15:00,1,1
100,137,90,V,2014-09-15 07:51:07,2014-09-08 14:20:00,1,1
101,449,90,V,2014-09-15 07:53:46,2014-09-08 16:35:00,1,1
102,154,60,V,2014-09-15 07:54:33,2014-09-08 14:10:00,1,1
103,332,41,R,2014-09-15 07:50:26,,1,0
104,224,90,V,2014-09-15 07:54:48,2014-09-08 16:30:00,1,1
105,350,100,S,2014-09-15 07:51:59,,1,0
106,13,90,V,2014-09-15 07:52:11,2014-09-08 15:50:00,1,1
107,360,90,V,2014-09-15 07:54:07,2014-09-08 14:35:00,1,1
108,437,90,V,2014-09-15 07:52:33,2014-09-08 15:50:00,1,1
109,3,90,V,2014-09-15 07:50:32,2014-09-08 14:15:00,1,1
110,197,52,V,2014-09-15 07:51:55,2014-09-08 14:40:00,1,1
111,311,70,R,2014-09-15 07:54:12,,1,0
112,25,90,V,2014-09-15 07:50:42,2014-09-09 00:40:00,1,1
113,219,65,R,2014-09-15 07:50:28,,1,0
114,146,56,R,2014-09-15 07:53:29,,1,0
115,271,90,V,2014-09-15 07:51:23,2014-09-08 14:45:00,1,1
116,387,100,S,2014-09-15 07:53:20,,1,0
117,208,100,S,2014-09-15 05:48:22,,1,0
118,228,90,V,2014-09-15 07:54:48,2014-09-08 14:55:00,1,1
119,90,39,R,2014-09-15 07:52:54,,1,0
120,327,66,R,2014-09-15 07:53:47,,1,0
121,199,59,V,2014-09-15 07:54:16,2014-09-08 15:15:00,1,1
122,277,90,V,2014-09-15 07:53:32,2014-09-08 15:20:00,1,1
123,418,90,V,2014-09-15 07:51:56,2014-09-08 14:10:00,1,1
124,107,74,V,2014-09-15 07:52:32,2014-09-08 14:10:00,1,1
125,86,90,V,2014-09-15 07:52:14,2014-09-08 14:50:00,1,1
126,36,100,S,2014-09-15 07:51:13,,1,0
127,373,29,R,2014-09-15 07:53:15,,1,0
128,307,63,R,2014-09-15 07:29:38,,1,0
129,342,90,V,2014-09-15 07:54:36,2014-09-08 14:10:00,1,1
130,169,100,S,2014-09-15 07:52:47,,1,0
131,104,90,V,2014-09-15 07:51:54,2014-09-08 19:15:00,1,1
132,448,90,V,2014-09-15 07:54:56,2014-09-09 17:15:00,1,1
133,492,90,V,2014-09-15 07:52:34,2014-09-08 19:30:00,1,1
134,230,100,S,2014-09-15 07:53:12,,1,0
135,231,49,R,2014-09-15 07:51:21,,1,0
136,287,100,S,2014-09-15 07:50:49,,1,0
137,68,100,S,2014-09-15 07:51:23,,1,0
138,22,41,R,2014-09-15 07:53:15,,1,0
139,347,90,V,2014-09-15 07:50:16,2014-09-10 19:55:00,1,1
140,362,47,R,2014-09-15 07:53:17,,1,0
141,6,90,V,2014-09-15 07:51:51,2014-09-12 00:10:00,1,1
142,273,100,S,2014-09-15 07:54:39,,1,0
143,385,100,S,2014-09-15 07:54:19,,1,0
144,477,41,R,2014-09-15 07:52:58,,1,0
145,82,90,V,2014-09-15 07:51:06,2014-09-09 17:20:00,1,1
146,116,90,V,2014-09-15 07:51:10,2014-09-08 14:10:00,1,1
147,192,59,R,2014-09-15 07:54:49,,1,0
148,73,100,S,2014-09-15 07:46:33,,1,0
149,130,90,V,2014-09-15 07:50:59,2014-09-08 17:45:00,1,1
150,16,53,R,2014-09-15 07:52:44,,1,0
151,268,100,S,2014-09-15 07:51:30,,1,0
152,66,54,V,2014-09-15 07:50:33,2014-09-08 14:55:00,1,1
153,423,51,V,2014-09-15 07:50:57,2014-09-08 14:20:00,1,1
154,343,47,R,2014-09-15 07:51:21,,1,0
155,473,90,V,2014-09-15 07:52:54,2014-09-10 17:30:00,1,1
156,74,100,S,2014-09-15 07:53:09,,1,0
157,378,100,S,2014-09-15 07:51:41,,1,0
158,309,90,V,2014-09-15 07:52:54,2014-09-08 14:55:00,1,1
159,57,40,R,2014-09-15 07:48:43,,1,0
160,485,90,V,2014-09-15 07:52:14,2014-09-08 14:15:00,1,1
161,108,90,V,2014-09-15 07:51:32,2014-09-08 22:10:00,1,1
162,456,100,S,2014-09-15 07:54:25,,1,0
163,471,65,V,2014-09-15 07:50:06,2014-09-08 22:25:00,1,1
164,447,44,R,2014-09-15 07:52:25,,1,0
165,377,100,S,2014-09-15 07:24:18,,1,0
166,486,80,V,2014-09-15 07:51:53,2014-09-08 14:10:00,1,1
167,318,90,V,2014-09-15 07:53:24,2014-09-08 15:15:00,1,1
168,406,60,R,2014-09-15 07:54:53,,1,0
169,27,90,V,2014-09-15 07:53:06,2014-09-09 02:00:00,1,1
170,246,39,R,2014-09-15 07:51:01,,1,0
171,158,47,R,2014-09-15 07:52:36,,1,0
172,203,100,S,2014-09-15 07:52:05,,1,0
173,44,100,S,2014-09-15 07:53:50,,1,0
174,422,100,S,2014-09-15 07:50:46,,1,0
175,147,100,S,2014-09-15 07:50:23,,1,0
176,117,100,S,2014-09-15 07:53:44,,1,0
177,351,63,V,2014-09-15 07:53:25,2014-09-08 14:35:00,1,1
178,319,63,V,2014-09-15 07:53:55,2014-09-08 20:55:00,1,1
179,460,90,V,2014-09-15 07:54:52,2014-09-08 14:10:00,1,1
180,125,45,R,2014-09-15 07:53:22,,1,0
181,200,46,R,2014-09-15 07:54:02,,1,0
182,308,60,V,2014-09-15 07:54:05,2014-09-14 18:55:00,1,1
183,243,46,R,2014-09-15 07:52:58,,1,0
184,105,59,V,2014-09-15 07:45:12,2014-09-08 14:40:00,1,1
185,67,52,R,2014-09-15 07:51:29,,1,0
186,424,38,R,2014-09-15 07:53:40,,1,0
187,382,67,V,2014-09-15 07:50:51,2014-09-09 22:35:00,1,1
188,64,100,S,2014-09-15 07:53:29,,1,0
189,10,100,S,2014-09-15 07:50:02,,1,0
190,96,100,S,2014-09-15 07:54:32,,1,0
191,55,35,R,2014-09-15 07:51:58,,1,0
192,59,100,S,2014-09-15 07:54:24,,1,0
193,185,57,R,2014-09-15 07:52:40,,1,0
194,241,50,R,2014-09-15 07:52:21,,1,0
195,252,90,V,2014-09-15 07:54:13,2014-09-08 14:15:00,1,1
196,475,43,R,2014-09-15 07:52:14,,1,0
197,441,52,R,2014-09-15 07:51:12,,1,0
198,238,90,V,2014-09-15 07:51:56,2014-09-08 15:30:00,1,1
199,218,90,V,2014-09-15 07:53:57,2014-09-10 01:05:00,1,1
200,444,55,R,2014-09-15 07:54:42,,1,0
201,310,44,R,2014-09-15 07:54:57,,1,0
202,440,90,V,2014-09-15 07:55:00,2014-09-10 20:40:00,1,1
203,381,100,S,2014-09-15 05:09:45,,1,0
204,1,56,I,2014-09-15 07:52:26,,1,0
205,442,90,V,2014-09-15 07:51:04,2014-09-08 15:25:00,1,1
206,429,60,V,2014-09-15 07:54:14,2014-09-08 20:45:00,1,1
207,49,71,V,2014-09-15 07:53:35,2014-09-08 14:15:00,1,1
208,46,61,R,2014-09-15 07:51:28,,1,0
209,89,90,V,2014-09-15 07:54:00,2014-09-08 18:50:00,1,1
210,289,100,S,2014-09-15 07:52:18,,1,0
211,209,62,R,2014-09-15 06:42:14,,1,0
212,159,100,S,2014-09-15 07:53:25,,1,0
213,358,55,V,2014-09-15 07:51:32,2014-09-08 15:30:00,1,1
214,300,90,V,2014-09-15 07:52:26,2014-09-08 14:35:00,1,1
215,306,38,R,2014-09-15 07:54:22,,1,0
216,33,86,R,2014-09-15 07:54:27,,1,0
217,52,50,R,2014-09-15 07:53:35,,1,0
218,364,51,R,2014-09-15 07:50:28,,1,0
219,17,55,R,2014-09-15 07:52:17,,1,0
220,242,90,V,2014-09-15 04:04:13,2014-09-09 21:25:00,1,1
221,400,56,V,2014-09-15 07:54:04,2014-09-08 14:15:00,1,1
222,161,100,S,2014-09-15 07:53:21,,1,0
223,136,90,V,2014-09-15 07:54:04,2014-09-08 18:10:00,1,1
224,77,53,V,2014-09-15 07:50:31,2014-09-10 18:05:00,1,1
225,135,90,V,2014-09-15 07:53:35,2014-09-08 16:35:00,1,1
226,41,63,V,2014-09-15 07:52:49,2014-09-08 14:20:00,1,1
227,178,53,V,2014-09-15 07:54:08,2014-09-08 14:15:00,1,1
228,216,90,V,2014-09-15 07:50:47,2014-09-08 15:50:00,1,1
229,215,100,S,2014-09-15 07:50:15,,1,0
230,167,90,V,2014-09-15 07:52:27,2014-09-09 04:50:00,1,1
231,281,100,S,2014-09-15 07:54:55,,1,0
232,9,90,V,2014-09-15 07:53:22,2014-09-08 15:00:00,1,1
233,337,90,V,2014-09-15 07:50:26,2014-09-08 20:15:00,1,1
234,354,46,R,2014-09-15 07:51:51,,1,0
235,18,90,V,2014-09-15 07:51:24,2014-09-08 17:35:00,1,1
236,331,100,S,2014-09-15 07:53:30,,1,0
237,145,49,R,2014-09-15 07:52:08,,1,0
238,391,53,R,2014-09-15 07:52:08,,1,0
239,204,100,S,2014-09-15 07:53:48,,1,0
240,232,59,V,2014-09-15 07:45:43,2014-09-08 15:20:00,1,1
241,247,66,V,2014-09-15 07:51:30,2014-09-08 14:10:00,1,1
242,472,100,S,2014-09-15 07:51:07,,1,0
243,379,90,V,2014-09-15 07:52:10,2014-09-11 18:40:00,1,1
244,94,100,S,2014-09-15 07:54:27,,1,0
245,195,41,R,2014-09-15 07:52:19,,1,0
246,410,64,R,2014-09-15 07:53:28,,1,0
247,164,90,V,2014-09-15 07:51:45,2014-09-08 14:45:00,1,1
248,42,90,V,2014-09-15 07:51:25,2014-09-08 15:05:00,1,1
249,375,100,S,2014-09-15 07:50:13,,1,0
250,12,45,R,2014-09-15 07:54:39,,1,0
251,61,90,V,2014-09-15 07:51:18,2014-09-08 14:30:00,1,1
252,470,49,R,2014-09-15 07:52:57,,1,0
253,2,90,V,2014-09-15 07:53:44,2014-09-08 15:45:00,1,1
254,258,44,R,2014-09-15 07:52:41,,1,0
255,402,43,R,2014-09-15 07:50:52,,1,0
256,132,90,V,2014-09-15 07:51:21,2014-09-08 17:25:00,1,1
257,174,51,V,2014-09-15 07:50:51,2014-09-08 14:10:00,1,1
258,47,100,S,2014-09-15 07:53:59,,1,0
259,53,48,R,2014-09-15 07:51:45,,1,0
260,168,100,S,2014-09-15 07:53:57,,1,0
261,416,90,V,2014-09-15 07:53:28,2014-09-08 14:15:00,1,1
262,376,100,S,2014-09-15 07:53:28,,1,0
263,69,62,V,2014-09-15 07:53:03,2014-09-08 14:50:00,1,1
264,248,89,V,2014-09-15 07:50:02,2014-09-08 14:35:00,1,1
265,83,90,V,2014-09-15 07:52:56,2014-09-08 14:10:00,1,1
266,110,100,S,2014-09-15 07:52:27,,1,0
267,302,50,R,2014-09-15 07:50:12,,1,0
268,182,62,R,2014-09-15 07:52:42,,1,0
269,151,100,S,2014-09-15 07:50:18,,1,0
270,244,45,R,2014-09-15 07:50:03,,1,0
271,39,52,R,2014-09-15 07:51:12,,1,0
272,98,49,R,2014-09-15 07:51:25,,1,0
273,109,100,S,2014-09-15 07:50:18,,1,0
274,286,90,V,2014-09-15 07:52:49,2014-09-08 14:10:00,1,1
275,60,27,R,2014-09-15 07:51:09,,1,0
276,435,90,V,2014-09-15 07:54:46,2014-09-08 17:10:00,1,1
277,359,66,R,2014-09-15 07:51:51,,1,0
278,285,90,V,2014-09-15 07:52:25,2014-09-09 00:30:00,1,1
279,314,58,V,2014-09-15 07:53:08,2014-09-08 14:50:00,1,1
280,19,69,R,2014-09-15 07:51:53,,1,0
281,261,90,V,2014-09-15 07:51:30,2014-09-08 14:10:00,1,1
282,361,90,V,2014-09-15 07:54:44,2014-09-08 23:55:00,1,1
283,170,90,V,2014-09-15 07:52:52,2014-09-08 19:15:00,1,1
284,118,90,V,2014-09-15 07:50:21,2014-09-08 14:10:00,1,1
285,23,90,V,2014-09-15 07:54:39,2014-09-08 16:10:00,1,1
286,30,100,S,2014-09-15 07:52:11,,1,0
287,102,100,S,2014-09-15 07:52:29,,1,0
288,412,100,S,2014-09-15 07:54:24,,1,0
289,340,100,S,2014-09-15 07:54:12,,1,0
290,237,56,R,2014-09-15 07:52:31,,1,0
291,75,90,V,2014-09-15 07:50:42,2014-09-08 15:35:00,1,1
292,101,100,S,2014-09-15 07:51:18,,1,0
293,298,90,V,2014-09-15 07:52:14,2014-09-08 16:10:00,1,1
294,325,90,V,2014-09-15 07:53:52,2014-09-09 15:50:00,1,1
295,267,44,R,2014-09-15 07:53:04,,1,0
296,265,90,V,2014-09-15 07:53:51,2014-09-08 16:10:00,1,1
297,305,44,R,2014-09-15 07:53:32,,1,0
298,467,90,V,2014-09-15 07:51:11,2014-09-08 16:30:00,1,1
299,56,65,R,2014-09-15 07:51:52,,1,0
300,143,42,R,2014-09-15 07:51:42,,1,0
301,293,90,V,2014-09-15 07:52:27,2014-09-08 14:15:00,1,1
302,124,90,V,2014-09-15 07:53:53,2014-09-08 14:55:00,1,1
303,150,100,S,2014-09-15 07:53:15,,1,0
304,446,90,V,2014-09-15 07:51:18,2014-09-08 15:00:00,1,1
305,80,90,V,2014-09-15 07:54:05,2014-09-08 14:10:00,1,1
306,457,57,R,2014-09-15 07:54:45,,1,0
307,493,90,V,2014-09-15 07:28:47,2014-09-08 20:00:00,1,1
308,288,93,R,2014-09-15 07:52:32,,1,0
309,395,90,V,2014-09-15 07:51:26,2014-09-08 15:00:00,1,1
310,221,100,S,2014-09-15 07:53:36,,1,0
311,458,52,R,2014-09-15 07:52:19,,1,0
312,415,100,S,2014-09-15 07:52:42,,1,0
313,4,61,R,2014-09-15 07:51:50,,1,0
314,452,90,V,2014-09-15 07:40:50,2014-09-08 22:55:00,1,1
315,141,55,R,2014-09-15 07:51:43,,1,0
316,483,90,V,2014-09-15 04:47:03,2014-09-08 15:10:00,1,1
317,81,90,V,2014-09-15 07:51:07,2014-09-08 14:20:00,1,1
318,189,100,S,2014-09-15 07:52:19,,1,0
319,335,100,S,2014-09-15 07:53:02,,1,0
320,374,60,R,2014-09-15 07:52:21,,1,0
321,85,90,V,2014-09-15 07:52:08,2014-09-08 16:00:00,1,1
322,259,66,R,2014-09-15 05:07:18,,1,0
323,71,67,V,2014-09-15 07:52:03,2014-09-08 14:10:00,1,1
324,205,100,S,2014-09-15 07:53:02,,1,0
325,290,100,S,2014-09-15 07:53:56,,1,0
326,220,100,S,2014-09-15 07:54:30,,1,0
327,297,51,R,2014-09-15 07:52:53,,1,0
328,466,12,V,2014-09-15 07:50:23,2014-09-08 14:10:00,1,1
329,11,65,R,2014-09-15 07:52:44,,1,0
330,292,79,V,2014-09-15 07:50:32,2014-09-08 14:10:00,1,1
331,191,39,R,2014-09-15 07:52:27,,1,0
332,454,100,S,2014-09-15 07:50:11,,1,0
333,78,100,S,2014-09-15 07:55:00,,1,0
334,411,44,R,2014-09-15 07:53:25,,1,0
335,384,90,V,2014-09-15 07:53:14,2014-09-08 22:40:00,1,1
336,201,90,V,2014-09-15 07:51:39,2014-09-08 20:15:00,1,1
337,226,50,R,2014-09-15 07:51:04,,1,0
338,97,65,R,2014-09-15 07:53:24,,1,0
339,140,46,R,2014-09-15 07:51:21,,1,0
340,269,36,R,2014-09-15 07:53:26,,1,0
341,459,58,R,2014-09-15 07:51:47,,1,0
342,111,90,V,2014-09-15 07:51:50,2014-09-08 14:20:00,1,1
343,122,73,R,2014-09-15 05:25:36,,1,0
344,29,38,R,2014-09-15 07:51:17,,1,0
345,14,90,V,2014-09-15 07:54:34,2014-09-08 20:00:00,1,1
346,403,90,V,2014-09-15 07:51:02,2014-09-08 18:55:00,1,1
347,436,63,V,2014-09-15 07:52:07,2014-09-08 14:15:00,1,1
348,91,78,V,2014-09-15 07:52:30,2014-09-08 14:10:00,1,1
349,100,100,S,2014-09-15 07:52:18,,1,0
350,270,64,R,2014-09-15 07:53:14,,1,0
351,95,41,R,2014-09-15 07:53:34,,1,0
352,445,62,V,2014-09-15 07:53:06,2014-09-08 14:30:00,1,1
353,401,46,R,2014-09-15 07:50:52,,1,0
354,275,90,V,2014-09-15 07:50:21,2014-09-08 19:15:00,1,1
355,126,100,S,2014-09-15 07:52:35,,1,0
356,194,100,S,2014-09-15 07:50:06,,1,0
357,478,86,R,2014-09-15 07:54:32,,1,0
358,324,100,S,2014-09-15 07:50:22,,1,0
359,346,44,R,2014-09-15 07:54:09,,1,0
360,180,85,V,2014-09-15 07:50:11,2014-09-08 14:20:00,1,1
361,233,100,S,2014-09-15 07:52:22,,1,0
362,262,49,R,2014-09-15 07:53:17,,1,0
363,227,40,R,2014-09-15 07:53:16,,1,0
364,465,90,V,2014-09-15 07:53:28,2014-09-08 14:20:00,1,1
365,404,100,S,2014-09-15 07:51:45,,1,0
366,31,55,R,2014-09-15 07:51:14,,1,0
367,87,90,V,2014-09-15 07:50:23,2014-09-08 18:00:00,1,1
368,120,75,V,2014-09-15 07:50:06,2014-09-08 15:10:00,1,1
369,123,60,R,2014-09-15 07:52:41,,1,0
370,157,100,S,2014-09-15 07:54:53,,1,0
371,114,90,V,2014-09-15 07:53:48,2014-09-08 14:15:00,1,1
372,490,100,S,2014-09-15 07:53:41,,1,0
373,330,57,V,2014-09-15 07:50:15,2014-09-09 15:25:00,1,1
374,294,48,R,2014-09-15 07:51:09,,1,0
375,50,100,S,2014-09-15 07:50:08,,1,0
376,356,90,V,2014-09-15 07:51:06,2014-09-08 14:10:00,1,1
377,249,90,V,2014-09-15 07:51:22,2014-09-08 15:50:00,1,1
378,380,100,S,2014-09-15 07:53:48,,1,0
379,371,61,V,2014-09-15 07:52:37,2014-09-15 00:05:00,1,1
380,171,100,S,2014-09-15 07:50:24,,1,0
381,263,41,R,2014-09-15 07:53:21,,1,0
382,79,90,V,2014-09-15 07:53:46,2014-09-08 14:30:00,1,1
383,225,61,V,2014-09-15 07:52:43,2014-09-08 16:55:00,1,1
384,419,45,R,2014-09-15 07:53:49,,1,0
385,274,90,V,2014-09-15 07:53:49,2014-09-10 20:50:00,1,1
386,396,30,R,2014-09-15 07:54:49,,1,0
387,207,90,V,2014-09-22 07:52:27,2014-09-15 16:10:00,2,1
388,390,100,S,2014-09-22 07:53:17,,2,0
389,392,100,S,2014-09-22 07:53:57,,2,0
390,357,58,V,2014-09-22 07:54:39,2014-09-15 14:25:00,2,1
391,148,90,V,2014-09-22 07:53:16,2014-09-15 14:15:00,2,1
392,427,90,R,2014-09-22 07:53:06,,2,0
393,70,60,V,2014-09-22 07:53:10,2014-09-15 16:10:00,2,1
394,106,100,S,2014-09-22 07:53:28,,2,0
395,166,57,R,2014-09-22 07:52:16,,2,0
396,133,90,V,2014-09-22 07:53:24,2014-09-16 00:15:00,2,1
397,184,52,R,2014-09-22 07:53:41,,2,0
398,131,57,R,2014-09-22 07:51:18,,2,0
399,370,54,V,2014-09-22 07:51:02,2014-09-15 14:25:00,2,1
400,251,90,V,2014-09-22 07:50:31,2014-09-15 14:15:00,2,1
401,383,100,S,2014-09-22 07:50:11,,2,0
402,272,100,S,2014-09-22 07:53:47,,2,0
403,329,90,V,2014-09-22 07:53:21,2014-09-16 01:45:00,2,1
404,21,100,S,2014-09-22 07:50:29,,2,0
405,417,90,V,2014-09-22 07:54:54,2014-09-15 14:15:00,2,1
406,32,90,V,2014-09-22 07:52:04,2014-09-15 14:30:00,2,1
407,26,90,V,2014-09-22 07:52:30,2014-09-15 15:55:00,2,1
408,397,90,V,2014-09-22 07:54:18,2014-09-18 04:45:00,2,1
409,115,100,S,2014-09-22 07:52:44,,2,0
410,451,51,R,2014-09-22 07:52:16,,2,0
411,165,100,S,2014-09-22 07:52:51,,2,0
412,239,42,R,2014-09-22 07:51:36,,2,0
413,455,100,S,2014-09-22 07:47:37,,2,0
414,112,90,V,2014-09-22 07:50:14,2014-09-15 21:00:00,2,1
415,453,90,V,2014-09-22 07:52:38,2014-09-15 16:00:00,2,1
416,355,90,V,2014-09-22 07:50:08,2014-09-15 14:20:00,2,1
417,479,90,V,2014-09-22 07:54:33,2014-09-15 16:20:00,2,1
418,313,90,V,2014-09-22 07:54:31,2014-09-15 17:45:00,2,1
419,37,90,V,2014-09-22 07:54:14,2014-09-15 16:15:00,2,1
420,34,84,V,2014-09-22 07:52:06,2014-09-15 14:40:00,2,1
421,295,90,V,2014-09-22 07:50:34,2014-09-15 14:20:00,2,1
422,366,90,V,2014-09-22 07:50:25,2014-09-15 18:00:00,2,1
423,58,90,V,2014-09-22 07:50:46,2014-09-15 15:15:00,2,1
424,187,90,V,2014-09-22 07:52:36,2014-09-16 23:35:00,2,1
425,284,90,V,2014-09-22 07:53:51,2014-09-15 18:00:00,2,1
426,236,90,V,2014-09-22 07:52:04,2014-09-15 19:40:00,2,1
427,323,90,V,2014-09-22 07:51:47,2014-09-21 20:10:00,2,1
428,72,90,V,2014-09-22 07:53:39,2014-09-15 14:25:00,2,1
429,322,50,R,2014-09-22 07:51:46,,2,0
430,333,54,R,2014-09-22 07:50:52,,2,0
431,213,100,S,2014-09-22 07:50:53,,2,0
432,134,54,R,2014-09-22 07:52:35,,2,0
433,399,90,V,2014-09-22 07:54:47,2014-09-16 17:40:00,2,1
434,282,100,S,2014-09-22 07:53:15,,2,0
435,450,100,S,2014-09-22 07:50:47,,2,0
436,462,100,S,2014-09-22 07:53:27,,2,0
437,439,29,R,2014-09-22 07:52:59,,2,0
438,156,90,V,2014-09-22 07:53:03,2014-09-15 16:15:00,2,1
439,464,100,S,2014-09-22 07:50:30,,2,0
440,276,56,V,2014-09-22 07:54:17,2014-09-15 14:15:00,2,1
441,217,100,S,2014-09-22 07:53:19,,2,0
442,336,100,S,2014-09-22 07:50:32,,2,0
443,303,100,S,2014-09-22 07:52:37,,2,0
444,430,90,V,2014-09-22 07:51:35,2014-09-15 14:10:00,2,1
445,206,60,V,2014-09-22 07:50:34,2014-09-15 14:45:00,2,1
446,153,50,V,2014-09-22 07:52:05,2014-09-15 15:10:00,2,1
447,193,49,R,2014-09-22 07:53:57,,2,0
448,443,90,A,2014-09-22 07:51:23,,2,0
449,172,100,S,2014-09-22 07:50:35,,2,0
450,367,90,V,2014-09-22 07:52:00,2014-09-18 17:30:00,2,1
451,407,90,V,2014-09-22 07:51:46,2014-09-15 21:05:00,2,1
452,304,100,S,2014-09-22 07:53:22,,2,0
453,99,90,V,2014-09-22 07:50:23,2014-09-15 14:40:00,2,1
454,235,90,V,2014-09-22 07:51:40,2014-09-15 14:10:00,2,1
455,328,50,R,2014-09-22 07:50:49,,2,0
456,291,100,S,2014-09-22 07:53:11,,2,0
457,198,100,S,2014-09-22 07:54:27,,2,0
458,428,43,R,2014-09-22 07:52:42,,2,0
459,160,90,V,2014-09-22 07:54:11,2014-09-15 15:20:00,2,1
460,212,100,S,2014-09-22 07:50:13,,2,0
461,173,100,S,2014-09-22 07:53:51,,2,0
462,260,61,V,2014-09-22 07:51:52,2014-09-15 14:10:00,2,1
463,255,69,V,2014-09-22 07:40:43,2014-09-15 14:10:00,2,1
464,62,100,S,2014-09-22 07:53:03,,2,0
465,24,100,S,2014-09-22 07:52:28,,2,0
466,480,100,S,2014-09-22 07:50:26,,2,0
467,299,100,S,2014-09-22 07:43:36,,2,0
468,365,74,V,2014-09-22 07:51:42,2014-09-15 14:35:00,2,1
469,38,100,S,2014-09-22 07:52:22,,2,0
470,129,100,S,2014-09-22 07:50:44,,2,0
471,301,100,S,2014-09-22 07:54:02,,2,0
472,389,100,S,2014-09-22 07:51:19,,2,0
473,278,90,V,2014-09-22 07:53:03,2014-09-15 16:15:00,2,1
474,149,90,V,2014-09-22 07:50:26,2014-09-15 14:10:00,2,1
475,349,42,R,2014-09-22 07:52:59,,2,0
476,363,90,V,2014-09-22 07:53:38,2014-09-15 21:35:00,2,1
477,296,90,V,2014-09-22 07:52:29,2014-09-15 15:50:00,2,1
478,139,90,V,2014-09-22 07:52:40,,2,0
479,65,90,V,2014-09-22 07:52:57,2014-09-19 16:30:00,2,1
480,420,68,V,2014-09-22 07:50:22,2014-09-15 14:55:00,2,1
481,394,90,V,2014-09-22 07:54:52,2014-09-18 17:35:00,2,1
482,488,90,V,2014-09-22 07:52:53,2014-09-15 14:30:00,2,1
483,432,90,V,2014-09-22 07:54:30,2014-09-15 16:05:00,2,1
484,253,59,V,2014-09-22 07:47:41,2014-09-16 03:15:00,2,1
485,211,52,R,2014-09-22 07:50:55,,2,0
486,372,100,S,2014-09-22 07:53:39,,2,0
487,54,100,S,2014-09-22 07:50:12,,2,0
488,245,90,V,2014-09-22 07:54:56,2014-09-16 01:45:00,2,1
489,316,56,V,2014-09-22 07:52:27,2014-09-22 02:30:00,2,1
490,426,100,S,2014-09-22 07:33:51,,2,0
491,431,100,S,2014-09-22 07:51:44,,2,0
492,254,100,S,2014-09-22 07:52:25,,2,0
493,144,90,V,2014-09-22 07:50:35,2014-09-15 14:10:00,2,1
494,137,100,S,2014-09-22 07:54:56,,2,0
495,449,100,S,2014-09-22 07:50:45,,2,0
496,332,90,V,2014-09-22 07:51:49,2014-09-16 14:10:00,2,1
497,224,90,V,2014-09-22 07:51:08,2014-09-15 16:40:00,2,1
498,350,100,S,2014-09-22 07:52:57,,2,0
499,13,67,R,2014-09-22 07:50:38,,2,0
500,360,54,V,2014-09-22 07:52:19,2014-09-17 14:35:00,2,1
501,437,90,V,2014-09-22 07:52:02,2014-09-15 14:15:00,2,1
502,3,90,V,2014-09-22 07:51:21,2014-09-15 16:05:00,2,1
503,197,100,S,2014-09-22 07:53:15,,2,0
504,311,31,R,2014-09-22 07:50:14,,2,0
505,25,100,S,2014-09-22 07:51:28,,2,0
506,219,90,V,2014-09-22 07:51:33,2014-09-15 14:10:00,2,1
507,146,70,V,2014-09-22 07:50:18,2014-09-15 16:15:00,2,1
508,387,41,R,2014-09-22 07:54:18,,2,0
509,208,100,S,2014-09-22 04:58:19,,2,0
510,228,48,V,2014-09-22 07:37:24,2014-09-15 14:15:00,2,1
511,90,53,R,2014-09-22 07:52:24,,2,0
512,327,79,R,2014-09-22 07:54:20,,2,0
513,199,90,V,2014-09-22 07:51:57,2014-09-15 14:55:00,2,1
514,277,60,V,2014-09-22 07:51:06,2014-09-15 17:25:00,2,1
515,107,90,V,2014-09-22 07:50:12,2014-09-15 15:10:00,2,1
516,86,90,V,2014-09-22 07:50:56,2014-09-15 14:15:00,2,1
517,36,111,R,2014-09-22 07:53:34,,2,0
518,373,90,V,2014-09-22 07:51:34,2014-09-15 14:10:00,2,1
519,342,50,R,2014-09-22 07:53:04,,2,0
520,169,100,S,2014-09-22 07:50:40,,2,0
521,104,55,R,2014-09-22 07:50:45,,2,0
522,448,90,V,2014-09-22 07:51:16,2014-09-16 17:15:00,2,1
523,492,90,V,2014-09-22 07:51:31,2014-09-15 15:00:00,2,1
524,230,100,S,2014-09-22 07:53:16,,2,0
525,231,90,V,2014-09-22 07:54:34,2014-09-15 15:10:00,2,1
526,287,60,V,2014-09-22 05:22:46,2014-09-17 18:25:00,2,1
527,68,100,S,2014-09-22 07:54:48,,2,0
528,76,68,R,2014-09-22 07:51:48,,2,0
529,22,43,R,2014-09-22 07:49:58,,2,0
530,347,54,R,2014-09-22 07:52:02,,2,0
531,362,55,R,2014-09-22 07:52:42,,2,0
532,6,100,S,2014-09-22 07:54:43,,2,0
533,474,90,V,2014-09-22 04:12:08,2014-09-15 16:05:00,2,1
534,385,47,R,2014-09-22 07:53:57,,2,0
535,477,58,V,2014-09-22 07:24:42,2014-09-15 14:20:00,2,1
536,116,45,R,2014-09-22 07:53:35,,2,0
537,192,69,R,2014-09-22 07:51:16,,2,0
538,119,90,V,2014-09-22 06:30:29,2014-09-15 14:45:00,2,1
539,130,47,R,2014-09-22 07:53:27,,2,0
540,16,48,V,2014-09-22 07:50:16,2014-09-15 14:10:00,2,1
541,66,90,V,2014-09-22 07:50:52,2014-09-15 14:40:00,2,1
542,423,100,S,2014-09-22 07:52:29,,2,0
543,343,43,R,2014-09-22 07:52:36,,2,0
544,473,100,S,2014-09-22 07:50:59,,2,0
545,74,90,V,2014-09-22 07:53:57,2014-09-20 02:40:00,2,1
546,378,100,S,2014-09-22 07:51:57,,2,0
547,309,55,V,2014-09-22 07:53:40,2014-09-15 18:05:00,2,1
548,57,60,V,2014-09-22 07:50:50,2014-09-16 09:00:00,2,1
549,485,48,R,2014-09-22 07:52:16,,2,0
550,108,90,V,2014-09-22 07:52:23,2014-09-16 22:45:00,2,1
551,456,100,S,2014-09-22 07:54:14,,2,0
552,471,100,S,2014-09-22 04:57:48,,2,0
553,447,90,V,2014-09-22 07:52:19,2014-09-15 22:00:00,2,1
554,179,90,V,2014-09-22 07:54:44,2014-09-15 17:10:00,2,1
555,486,90,V,2014-09-22 07:54:34,2014-09-15 17:00:00,2,1
556,318,100,S,2014-09-22 07:51:05,,2,0
557,406,100,S,2014-09-22 07:53:53,,2,0
558,334,90,V,2014-09-22 07:44:23,2014-09-17 20:30:00,2,1
559,27,90,V,2014-09-22 07:35:48,2014-09-15 18:15:00,2,1
560,246,90,V,2014-09-22 07:53:28,2014-09-15 16:35:00,2,1
561,127,78,V,2014-09-22 07:53:03,2014-09-15 16:35:00,2,1
562,158,82,V,2014-09-22 07:52:04,2014-09-15 17:05:00,2,1
563,203,100,S,2014-09-22 07:52:23,,2,0
564,44,100,S,2014-09-22 07:54:16,,2,0
565,175,62,R,2014-09-22 07:54:17,,2,0
566,422,100,S,2014-09-22 07:54:08,,2,0
567,147,72,R,2014-09-22 07:53:28,,2,0
568,117,100,S,2014-09-22 07:50:22,,2,0
569,351,90,V,2014-09-22 07:53:24,2014-09-15 15:35:00,2,1
570,319,100,S,2014-09-22 07:54:18,,2,0
571,460,62,V,2014-09-22 07:52:09,2014-09-15 14:10:00,2,1
572,125,63,V,2014-09-22 07:49:44,2014-09-18 18:00:00,2,1
573,200,100,S,2014-09-22 07:50:06,,2,0
574,243,90,V,2014-09-22 07:54:59,2014-09-15 14:10:00,2,1
575,105,55,V,2014-09-22 07:51:02,2014-09-15 14:40:00,2,1
576,67,100,S,2014-09-22 07:53:41,,2,0
577,424,42,R,2014-09-22 07:54:40,,2,0
578,279,61,V,2014-09-22 07:50:24,2014-09-15 18:05:00,2,1
579,382,100,S,2014-09-22 07:51:13,,2,0
580,64,100,S,2014-09-22 07:52:14,,2,0
581,96,90,V,2014-09-22 07:53:37,2014-09-15 16:35:00,2,1
582,408,65,R,2014-09-22 07:52:42,,2,0
583,55,90,V,2014-09-22 07:53:42,2014-09-15 21:25:00,2,1
584,59,100,S,2014-09-22 07:50:54,,2,0
585,185,100,S,2014-09-22 07:53:57,,2,0
586,241,90,V,2014-09-22 07:52:42,2014-09-15 18:55:00,2,1
587,252,100,S,2014-09-22 07:27:11,,2,0
588,475,100,S,2014-09-22 07:54:13,,2,0
589,441,67,V,2014-09-22 07:53:23,2014-09-15 14:10:00,2,1
590,238,90,V,2014-09-22 07:51:40,2014-09-15 14:25:00,2,1
591,218,100,S,2014-09-22 07:52:37,,2,0
592,444,90,V,2014-09-22 07:53:16,2014-09-20 14:30:00,2,1
593,310,100,S,2014-09-22 07:53:15,,2,0
594,440,100,S,2014-09-22 07:50:28,,2,0
595,381,100,S,2014-09-22 07:11:18,,2,0
596,1,51,V,2014-09-22 07:52:51,2014-09-19 15:00:00,2,1
597,442,100,S,2014-09-22 07:50:25,,2,0
598,429,100,S,2014-09-22 07:54:59,,2,0
599,49,59,V,2014-09-22 07:52:13,2014-09-15 14:35:00,2,1
600,280,49,R,2014-09-22 07:53:05,,2,0
601,46,90,V,2014-09-22 07:54:12,2014-09-15 19:05:00,2,1
602,176,64,V,2014-09-22 07:52:34,2014-09-15 16:35:00,2,1
603,89,90,V,2014-09-22 07:54:03,2014-09-15 14:50:00,2,1
604,289,100,S,2014-09-22 07:52:15,,2,0
605,209,40,R,2014-09-22 07:52:37,,2,0
606,8,63,R,2014-09-22 07:51:30,,2,0
607,159,59,R,2014-09-22 07:54:19,,2,0
608,358,46,R,2014-09-22 07:51:49,,2,0
609,300,78,R,2014-09-22 07:50:40,,2,0
610,306,100,S,2014-09-22 07:52:53,,2,0
611,33,90,V,2014-09-22 07:54:29,2014-09-15 15:20:00,2,1
612,52,52,V,2014-09-22 07:51:03,2014-09-15 16:10:00,2,1
613,364,90,V,2014-09-22 07:51:32,2014-09-15 18:25:00,2,1
614,17,47,V,2014-09-22 07:52:16,2014-09-15 14:20:00,2,1
615,242,100,S,2014-09-22 07:50:25,,2,0
616,400,90,V,2014-09-22 07:52:05,2014-09-15 15:00:00,2,1
617,476,56,R,2014-09-22 07:51:46,,2,0
618,161,100,S,2014-09-22 07:54:53,,2,0
619,136,63,V,2014-09-22 07:44:10,2014-09-15 14:55:00,2,1
620,77,100,S,2014-09-22 07:47:41,,2,0
621,135,90,V,2014-09-22 07:51:40,2014-09-15 17:15:00,2,1
622,41,90,V,2014-09-22 07:49:52,2014-09-15 14:10:00,2,1
623,178,90,V,2014-09-22 07:51:58,2014-09-15 14:35:00,2,1
624,216,70,R,2014-09-22 07:52:32,,2,0
625,215,100,S,2014-09-22 07:53:39,,2,0
626,167,67,R,2014-09-22 07:50:13,,2,0
627,128,73,V,2014-09-22 07:54:13,2014-09-16 08:15:00,2,1
628,281,100,S,2014-09-22 07:52:00,,2,0
629,9,90,V,2014-09-22 07:51:42,2014-09-15 16:20:00,2,1
630,337,100,S,2014-09-22 07:50:40,,2,0
631,354,100,S,2014-09-22 07:53:34,,2,0
632,18,90,V,2014-09-22 06:48:22,2014-09-15 14:20:00,2,1
633,331,100,S,2014-09-22 07:50:50,,2,0
634,145,57,V,2014-09-22 07:53:47,2014-09-15 14:50:00,2,1
635,391,100,S,2014-09-22 07:52:33,,2,0
636,204,100,S,2014-09-22 07:53:27,,2,0
637,247,90,V,2014-09-22 07:52:46,2014-09-15 14:25:00,2,1
638,472,100,S,2014-09-22 07:52:02,,2,0
639,379,100,S,2014-09-22 07:53:21,,2,0
640,94,100,S,2014-09-22 07:54:11,,2,0
641,195,90,V,2014-09-22 07:54:54,2014-09-15 14:45:00,2,1
642,410,90,V,2014-09-22 07:53:49,2014-09-15 16:00:00,2,1
643,164,78,R,2014-09-22 07:52:34,,2,0
644,210,100,S,2014-09-22 07:53:22,,2,0
645,42,58,V,2014-09-22 07:52:29,2014-09-15 14:20:00,2,1
646,375,100,S,2014-09-22 07:52:03,,2,0
647,12,97,R,2014-09-22 07:53:07,,2,0
648,61,78,R,2014-09-22 07:51:32,,2,0
649,181,100,S,2014-09-22 06:41:16,,2,0
650,470,90,V,2014-09-22 07:54:24,2014-09-15 15:50:00,2,1
651,388,100,S,2014-09-22 07:52:06,,2,0
652,2,100,S,2014-09-22 07:53:55,,2,0
653,258,43,R,2014-09-22 07:54:28,,2,0
654,402,58,V,2014-09-22 07:50:09,2014-09-16 13:40:00,2,1
655,132,80,V,2014-09-22 07:51:38,2014-09-15 16:15:00,2,1
656,174,53,R,2014-09-22 07:51:03,,2,0
657,47,100,S,2014-09-22 07:53:45,,2,0
658,53,43,R,2014-09-22 07:51:14,,2,0
659,168,43,R,2014-09-22 07:53:10,,2,0
660,416,90,V,2014-09-22 07:53:54,2014-09-15 14:40:00,2,1
661,376,100,S,2014-09-22 07:50:39,,2,0
662,69,81,V,2014-09-22 07:54:57,2014-09-15 18:15:00,2,1
663,248,90,V,2014-09-22 07:54:15,2014-09-15 17:25:00,2,1
664,83,100,S,2014-09-22 07:52:15,,2,0
665,110,100,S,2014-09-22 07:53:04,,2,0
666,302,100,S,2014-09-22 07:49:58,,2,0
667,183,90,V,2014-09-22 07:54:21,2014-09-15 15:20:00,2,1
668,182,90,V,2014-09-22 07:51:42,2014-09-15 16:25:00,2,1
669,151,100,S,2014-09-22 07:54:34,,2,0
670,244,90,V,2014-09-22 07:52:25,2014-09-15 23:10:00,2,1
671,39,47,V,2014-09-22 07:50:31,2014-09-15 14:10:00,2,1
672,98,90,V,2014-09-22 07:54:35,2014-09-15 14:20:00,2,1
673,109,54,R,2014-09-22 07:54:34,,2,0
674,286,71,V,2014-09-22 07:50:02,2014-09-15 14:30:00,2,1
675,60,75,V,2014-09-22 07:12:42,2014-09-15 14:50:00,2,1
676,435,100,S,2014-09-22 07:51:18,,2,0
677,359,49,V,2014-09-22 07:50:32,2014-09-15 17:00:00,2,1
678,285,90,V,2014-09-22 07:54:18,2014-09-15 16:05:00,2,1
679,314,41,R,2014-09-22 07:54:46,,2,0
680,434,49,R,2014-09-22 07:53:16,,2,0
681,19,54,R,2014-09-22 07:50:47,,2,0
682,261,34,R,2014-09-22 07:54:42,,2,0
683,361,47,R,2014-09-22 07:52:28,,2,0
684,48,100,S,2014-09-22 07:52:42,,2,0
685,170,100,S,2014-09-22 07:50:00,,2,0
686,23,90,V,2014-09-22 07:50:01,2014-09-15 14:15:00,2,1
687,20,100,S,2014-09-22 07:51:08,,2,0
688,30,100,S,2014-09-22 07:50:07,,2,0
689,102,100,S,2014-09-22 07:52:29,,2,0
690,412,100,S,2014-09-22 07:51:42,,2,0
691,340,90,V,2014-09-22 07:53:21,2014-09-18 15:05:00,2,1
692,250,62,V,2014-09-22 07:53:22,2014-09-16 05:55:00,2,1
693,190,49,V,2014-09-22 07:54:02,2014-09-15 18:05:00,2,1
694,237,53,V,2014-09-22 07:51:40,2014-09-16 06:30:00,2,1
695,75,100,S,2014-09-22 07:54:06,,2,0
696,101,100,S,2014-09-22 07:51:27,,2,0
697,298,90,V,2014-09-22 07:53:38,2014-09-15 15:40:00,2,1
698,325,52,V,2014-09-22 07:50:15,2014-09-16 14:55:00,2,1
699,267,90,V,2014-09-22 07:50:54,2014-09-15 15:45:00,2,1
700,265,37,R,2014-09-22 07:51:48,,2,0
701,305,88,R,2014-09-22 07:53:28,,2,0
702,138,100,S,2014-09-22 07:53:43,,2,0
703,467,100,S,2014-09-22 07:53:17,,2,0
704,56,68,R,2014-09-22 07:53:29,,2,0
705,143,90,V,2014-09-22 07:51:36,2014-09-15 14:20:00,2,1
706,293,40,R,2014-09-22 07:54:34,,2,0
707,124,100,S,2014-09-22 07:52:23,,2,0
708,150,45,R,2014-09-22 07:51:17,,2,0
709,446,90,V,2014-09-22 07:52:46,2014-09-15 15:00:00,2,1
710,80,100,S,2014-09-22 07:51:47,,2,0
711,457,90,V,2014-09-22 07:51:18,2014-09-15 14:15:00,2,1
712,493,90,V,2014-09-22 06:45:38,2014-09-15 23:15:00,2,1
713,288,90,V,2014-09-22 07:54:45,2014-09-15 15:40:00,2,1
714,395,100,S,2014-09-22 07:50:10,,2,0
715,458,37,R,2014-09-22 07:52:19,,2,0
716,113,67,R,2014-09-22 07:54:27,,2,0
717,415,49,R,2014-09-22 07:54:13,,2,0
718,4,90,V,2014-09-22 07:54:56,2014-09-15 16:45:00,2,1
719,348,58,R,2014-09-22 07:51:50,,2,0
720,452,57,V,2014-09-22 04:26:08,2014-09-15 18:05:00,2,1
721,414,54,R,2014-09-22 07:50:08,,2,0
722,141,100,S,2014-09-22 07:52:43,,2,0
723,483,52,V,2014-09-22 07:52:43,2014-09-17 18:50:00,2,1
724,81,90,V,2014-09-22 07:50:11,2014-09-15 14:10:00,2,1
725,189,46,R,2014-09-22 07:51:29,,2,0
726,374,53,V,2014-09-22 07:53:14,2014-09-15 14:15:00,2,1
727,85,50,V,2014-09-22 07:53:19,2014-09-21 15:40:00,2,1
728,259,100,S,2014-09-22 07:50:38,,2,0
729,71,50,V,2014-09-22 07:53:23,2014-09-15 14:10:00,2,1
730,205,100,S,2014-09-22 07:48:26,,2,0
731,290,61,R,2014-09-22 07:53:20,,2,0
732,220,100,S,2014-09-22 07:50:44,,2,0
733,297,90,V,2014-09-22 07:53:17,2014-09-15 14:55:00,2,1
734,466,58,V,2014-09-22 07:51:08,2014-09-15 14:15:00,2,1
735,11,46,R,2014-09-22 07:50:49,,2,0
736,292,100,S,2014-09-22 07:50:32,,2,0
737,191,34,R,2014-09-22 07:54:54,,2,0
738,454,55,R,2014-09-22 07:53:12,,2,0
739,78,100,S,2014-09-22 07:53:52,,2,0
740,411,63,R,2014-09-22 07:52:59,,2,0
741,384,100,S,2014-09-22 07:50:17,,2,0
742,226,100,S,2014-09-22 07:51:49,,2,0
743,386,90,V,2014-09-22 07:51:30,,2,0
744,97,47,V,2014-09-22 07:53:08,2014-09-15 14:10:00,2,1
745,140,68,V,2014-09-22 07:53:15,2014-09-15 14:45:00,2,1
746,269,50,R,2014-09-22 07:51:41,,2,0
747,459,100,S,2014-09-22 07:50:23,,2,0
748,111,68,V,2014-09-22 07:51:21,2014-09-15 14:30:00,2,1
749,352,100,S,2014-09-22 07:54:37,,2,0
750,122,56,V,2014-09-22 07:51:21,2014-09-15 16:15:00,2,1
751,29,90,V,2014-09-22 07:51:17,2014-09-15 14:10:00,2,1
752,14,100,S,2014-09-22 07:52:12,,2,0
753,403,90,V,2014-09-22 07:54:53,2014-09-15 14:10:00,2,1
754,436,36,R,2014-09-22 07:51:10,,2,0
755,91,68,V,2014-09-22 07:54:29,2014-09-15 14:40:00,2,1
756,100,100,S,2014-09-22 07:51:50,,2,0
757,270,90,V,2014-09-22 07:51:27,2014-09-17 19:15:00,2,1
758,95,100,S,2014-09-22 07:54:44,,2,0
759,489,72,R,2014-09-22 07:53:22,,2,0
760,445,90,V,2014-09-22 07:51:51,2014-09-15 16:35:00,2,1
761,401,90,V,2014-09-22 07:54:00,2014-09-15 19:25:00,2,1
762,275,90,V,2014-09-22 07:54:26,2014-09-15 16:50:00,2,1
763,126,90,V,2014-09-22 07:50:24,2014-09-15 15:40:00,2,1
764,345,37,R,2014-09-22 07:53:55,,2,0
765,194,100,S,2014-09-22 07:50:24,,2,0
766,478,46,R,2014-09-22 07:50:25,,2,0
767,324,100,S,2014-09-22 07:53:30,,2,0
768,63,90,V,2014-09-22 07:53:37,2014-09-15 14:15:00,2,1
769,346,100,S,2014-09-22 07:52:39,,2,0
770,180,90,V,2014-09-22 07:53:04,2014-09-15 15:35:00,2,1
771,233,100,S,2014-09-22 07:54:54,,2,0
772,262,100,S,2014-09-22 07:52:31,,2,0
773,227,100,S,2014-09-22 07:52:53,,2,0
774,465,100,S,2014-09-22 07:52:56,,2,0
775,404,100,S,2014-09-22 07:53:29,,2,0
776,31,90,V,2014-09-22 07:51:58,2014-09-16 14:55:00,2,1
777,45,100,S,2014-09-22 07:53:47,,2,0
778,120,54,R,2014-09-22 07:51:55,,2,0
779,123,100,S,2014-09-22 07:54:24,,2,0
780,157,90,V,2014-09-22 07:51:36,2014-09-15 16:00:00,2,1
781,114,100,S,2014-09-22 07:53:14,,2,0
782,223,55,R,2014-09-22 07:53:17,,2,0
783,490,100,S,2014-09-22 07:53:22,,2,0
784,330,100,S,2014-09-22 07:53:04,,2,0
785,294,43,R,2014-09-22 07:52:28,,2,0
786,50,100,S,2014-09-22 07:54:40,,2,0
787,356,90,V,2014-09-22 07:50:55,2014-09-15 14:10:00,2,1
788,249,90,V,2014-09-22 07:51:42,2014-09-15 14:10:00,2,1
789,371,74,V,2014-09-22 07:54:44,2014-09-15 18:10:00,2,1
790,171,48,R,2014-09-22 07:52:15,,2,0
791,263,51,R,2014-09-22 07:51:42,,2,0
792,79,46,R,2014-09-22 07:50:53,,2,0
793,419,38,R,2014-09-22 07:53:04,,2,0
794,274,100,S,2014-09-22 07:53:38,,2,0
795,468,100,S,2014-09-22 07:52:32,,2,0
796,207,46,R,2014-09-29 07:52:19,,3,0
797,390,100,S,2014-09-29 07:50:23,,3,0
798,392,52,R,2014-09-29 07:51:42,,3,0
799,357,90,V,2014-09-29 07:53:46,2014-09-22 15:15:00,3,1
800,427,100,S,2014-09-29 07:53:12,,3,0
801,70,90,V,2014-09-29 07:52:42,2014-09-22 15:35:00,3,1
802,106,100,S,2014-09-29 07:50:20,,3,0
803,166,90,V,2014-09-29 07:51:33,2014-09-22 14:10:00,3,1
804,133,100,S,2014-09-29 07:51:12,,3,0
805,184,90,V,2014-09-29 07:51:49,2014-09-22 14:30:00,3,1
806,229,43,R,2014-09-29 07:54:17,,3,0
807,370,64,V,2014-09-29 07:45:29,2014-09-22 15:10:00,3,1
808,251,90,V,2014-09-29 07:53:58,2014-09-22 14:20:00,3,1
809,383,47,R,2014-09-29 07:13:48,,3,0
810,329,80,V,2014-09-29 07:52:15,2014-09-23 13:35:00,3,1
811,21,100,S,2014-09-29 07:50:40,,3,0
812,417,90,V,2014-09-29 07:54:53,2014-09-22 14:15:00,3,1
813,32,90,V,2014-09-29 07:54:26,2014-09-22 14:10:00,3,1
814,26,100,S,2014-09-29 07:54:56,,3,0
815,397,90,V,2014-09-29 07:54:01,2014-09-22 21:30:00,3,1
816,115,100,S,2014-09-29 07:51:27,,3,0
817,451,44,R,2014-09-29 07:54:05,,3,0
818,165,100,S,2014-09-29 07:51:22,,3,0
819,239,90,V,2014-09-29 07:50:32,2014-09-22 14:10:00,3,1
820,455,100,S,2014-09-29 07:09:51,,3,0
821,453,90,V,2014-09-29 07:51:50,2014-09-22 14:05:00,3,1
822,355,90,V,2014-09-29 07:54:50,2014-09-22 14:20:00,3,1
823,196,100,S,2014-09-29 07:51:44,,3,0
824,313,47,R,2014-09-29 07:54:05,,3,0
825,37,100,S,2014-09-29 07:51:42,,3,0
826,34,45,R,2014-09-29 07:51:09,,3,0
827,295,100,S,2014-09-29 07:53:10,,3,0
828,421,90,V,2014-09-29 07:51:04,,3,0
829,366,90,V,2014-09-29 07:54:29,2014-09-22 22:15:00,3,1
830,58,53,V,2014-09-29 07:50:57,2014-09-22 14:30:00,3,1
831,284,62,V,2014-09-29 07:51:10,2014-09-22 15:15:00,3,1
832,236,35,R,2014-09-29 07:53:16,,3,0
833,72,31,R,2014-09-29 07:52:31,,3,0
834,322,100,S,2014-09-29 07:52:38,,3,0
835,333,35,R,2014-09-29 07:52:43,,3,0
836,264,100,S,2014-09-29 07:51:11,,3,0
837,188,71,V,2014-09-29 07:53:58,2014-09-24 12:35:00,3,1
838,213,100,S,2014-09-29 07:52:17,,3,0
839,134,43,R,2014-09-29 07:54:15,,3,0
840,399,90,V,2014-09-29 07:51:07,2014-09-22 15:45:00,3,1
841,282,45,R,2014-09-29 07:53:41,,3,0
842,450,100,S,2014-09-29 07:54:54,,3,0
843,462,45,R,2014-09-29 07:54:46,,3,0
844,439,90,V,2014-09-29 07:50:12,2014-09-22 14:15:00,3,1
845,156,100,S,2014-09-29 07:53:18,,3,0
846,464,100,S,2014-09-29 07:54:36,,3,0
847,276,90,V,2014-09-29 07:54:41,2014-09-26 19:20:00,3,1
848,217,100,S,2014-09-29 07:52:26,,3,0
849,336,100,S,2014-09-29 07:52:14,,3,0
850,303,84,R,2014-09-29 07:50:46,,3,0
851,430,90,V,2014-09-29 07:54:20,2014-09-22 14:10:00,3,1
852,206,50,R,2014-09-29 07:54:51,,3,0
853,153,90,V,2014-09-29 07:51:17,2014-09-22 19:25:00,3,1
854,193,100,S,2014-09-29 07:52:20,,3,0
855,443,52,R,2014-09-29 07:51:08,,3,0
856,266,100,S,2014-09-29 07:53:32,,3,0
857,367,40,R,2014-09-29 07:32:15,,3,0
858,407,100,S,2014-09-29 07:53:29,,3,0
859,304,100,S,2014-09-29 05:55:24,,3,0
860,99,90,V,2014-09-29 07:51:00,2014-09-22 14:55:00,3,1
861,5,83,R,2014-09-29 07:54:46,,3,0
862,328,90,V,2014-09-29 07:52:04,2014-09-22 14:20:00,3,1
863,291,100,S,2014-09-29 06:47:17,,3,0
864,198,55,R,2014-09-29 07:53:59,,3,0
865,428,43,R,2014-09-29 07:54:32,,3,0
866,160,56,R,2014-09-29 07:51:53,,3,0
867,212,100,S,2014-09-29 07:54:15,,3,0
868,173,100,S,2014-09-29 05:39:03,,3,0
869,260,90,V,2014-09-29 07:53:08,2014-09-22 14:10:00,3,1
870,15,90,V,2014-09-29 07:51:54,2014-09-22 17:10:00,3,1
871,255,69,V,2014-09-29 07:51:06,,3,0
872,62,100,S,2014-09-29 07:54:44,,3,0
873,480,100,S,2014-09-29 07:51:41,,3,0
874,299,100,S,2014-09-29 07:53:57,,3,0
875,365,100,S,2014-09-29 07:53:07,,3,0
876,38,61,R,2014-09-29 07:52:07,,3,0
877,129,100,S,2014-09-29 07:52:58,,3,0
878,301,100,S,2014-09-29 07:53:29,,3,0
879,389,100,S,2014-09-29 07:51:33,,3,0
880,278,60,V,2014-09-29 07:54:30,2014-09-22 14:10:00,3,1
881,149,90,V,2014-09-29 07:50:18,2014-09-22 14:15:00,3,1
882,349,47,R,2014-09-29 07:50:26,,3,0
883,363,90,V,2014-09-29 05:10:55,2014-09-22 17:05:00,3,1
884,296,90,V,2014-09-29 07:53:31,2014-09-22 15:20:00,3,1
885,139,90,V,2014-09-29 07:52:12,2014-09-22 14:25:00,3,1
886,65,90,V,2014-09-29 07:52:28,2014-09-22 18:15:00,3,1
887,420,90,V,2014-09-29 07:52:18,2014-09-22 17:05:00,3,1
888,394,46,R,2014-09-29 07:52:30,,3,0
889,488,60,R,2014-09-29 07:51:41,,3,0
890,432,100,S,2014-09-29 07:52:59,,3,0
891,253,100,S,2014-09-29 07:51:36,,3,0
892,211,90,V,2014-09-29 07:52:33,2014-09-22 14:10:00,3,1
893,372,100,S,2014-09-29 07:52:18,,3,0
894,54,100,S,2014-09-29 07:52:18,,3,0
895,245,100,S,2014-09-29 07:51:12,,3,0
896,426,51,R,2014-09-29 07:51:07,,3,0
897,431,100,S,2014-09-29 07:50:12,,3,0
898,254,100,S,2014-09-29 07:50:48,,3,0
899,144,100,S,2014-09-29 07:39:33,,3,0
900,433,100,S,2014-09-29 06:03:30,,3,0
901,137,51,R,2014-09-29 07:54:08,,3,0
902,449,100,S,2014-09-29 07:50:11,,3,0
903,154,90,V,2014-09-29 07:51:38,,3,0
904,332,57,V,2014-09-29 07:51:02,2014-09-22 14:10:00,3,1
905,224,90,V,2014-09-29 07:52:25,2014-09-22 16:35:00,3,1
906,350,37,R,2014-09-29 07:51:30,,3,0
907,13,90,V,2014-09-29 07:51:29,2014-09-22 14:10:00,3,1
908,360,100,S,2014-09-29 07:52:39,,3,0
909,437,90,V,2014-09-29 07:54:00,2014-09-22 14:10:00,3,1
910,3,59,V,2014-09-29 07:51:17,2014-09-22 14:30:00,3,1
911,197,76,R,2014-09-29 07:51:22,,3,0
912,25,100,S,2014-09-29 07:53:12,,3,0
913,387,70,V,2014-09-29 07:50:20,2014-09-22 15:50:00,3,1
914,208,100,S,2014-09-29 07:51:44,,3,0
915,228,90,V,2014-09-29 07:54:52,2014-09-22 23:50:00,3,1
916,90,47,R,2014-09-29 07:50:39,,3,0
917,327,58,V,2014-09-29 07:50:56,2014-09-22 14:55:00,3,1
918,107,90,V,2014-09-29 07:53:28,2014-09-22 18:25:00,3,1
919,86,90,V,2014-09-29 07:53:05,2014-09-22 15:10:00,3,1
920,36,100,S,2014-09-29 07:51:50,,3,0
921,373,71,V,2014-09-29 07:53:57,2014-09-22 14:25:00,3,1
922,307,90,V,2014-09-29 07:54:20,,3,0
923,342,90,V,2014-09-29 07:54:25,2014-09-22 14:10:00,3,1
924,169,100,S,2014-09-29 07:50:43,,3,0
925,104,90,V,2014-09-29 07:53:13,2014-09-22 17:25:00,3,1
926,448,90,V,2014-09-29 07:52:20,2014-09-25 18:20:00,3,1
927,230,100,S,2014-09-29 07:53:26,,3,0
928,231,90,V,2014-09-29 07:49:55,2014-09-22 16:10:00,3,1
929,287,58,R,2014-09-29 07:54:20,,3,0
930,68,100,S,2014-09-29 07:53:41,,3,0
931,76,90,V,2014-09-29 07:53:43,2014-09-22 14:10:00,3,1
932,22,90,V,2014-09-29 07:52:30,2014-09-22 14:15:00,3,1
933,347,100,S,2014-09-29 07:53:50,,3,0
934,6,100,S,2014-09-29 07:54:25,,3,0
935,474,100,S,2014-09-29 07:52:19,,3,0
936,273,100,S,2014-09-29 07:51:50,,3,0
937,385,100,S,2014-09-29 07:51:07,,3,0
938,477,47,R,2014-09-29 07:53:54,,3,0
939,116,90,V,2014-09-29 07:51:21,2014-09-22 14:25:00,3,1
940,192,51,R,2014-09-29 07:50:32,,3,0
941,73,100,S,2014-09-29 07:49:16,,3,0
942,119,90,V,2014-09-29 07:54:12,2014-09-22 14:15:00,3,1
943,130,34,R,2014-09-29 07:52:29,,3,0
944,16,90,V,2014-09-29 07:54:00,2014-09-22 14:40:00,3,1
945,321,100,S,2014-09-29 07:51:39,,3,0
946,268,100,S,2014-09-29 07:53:51,,3,0
947,66,90,V,2014-09-29 07:54:28,2014-09-23 18:35:00,3,1
948,423,100,S,2014-09-29 07:52:50,,3,0
949,343,100,S,2014-09-29 07:54:20,,3,0
950,473,51,R,2014-09-29 07:52:18,,3,0
951,74,100,S,2014-09-29 07:53:46,,3,0
952,309,49,R,2014-09-29 07:52:09,,3,0
953,57,90,V,2014-09-29 07:50:01,2014-09-22 16:20:00,3,1
954,485,52,V,2014-09-29 07:52:47,2014-09-22 14:15:00,3,1
955,108,64,V,2014-09-29 07:52:03,2014-09-22 16:25:00,3,1
956,456,100,S,2014-09-29 07:55:00,,3,0
957,471,100,S,2014-09-29 07:50:58,,3,0
958,447,90,V,2014-09-29 07:53:25,2014-09-23 02:05:00,3,1
959,179,100,S,2014-09-29 07:52:14,,3,0
960,486,53,V,2014-09-29 07:54:59,2014-09-22 15:00:00,3,1
961,406,52,V,2014-09-29 07:54:32,2014-09-23 17:15:00,3,1
962,334,100,S,2014-09-29 07:16:56,,3,0
963,27,90,V,2014-09-29 07:53:55,2014-09-22 17:45:00,3,1
964,246,90,V,2014-09-29 07:54:33,2014-09-22 17:20:00,3,1
965,127,100,S,2014-09-29 07:53:25,,3,0
966,202,90,V,2014-09-29 07:53:55,2014-09-25 17:10:00,3,1
967,158,62,V,2014-09-29 07:54:03,2014-09-22 16:05:00,3,1
968,203,53,R,2014-09-29 07:53:21,,3,0
969,44,100,S,2014-09-29 07:50:50,,3,0
970,175,54,V,2014-09-29 07:50:58,2014-09-22 14:55:00,3,1
971,422,100,S,2014-09-29 07:50:28,,3,0
972,147,100,S,2014-09-29 07:52:56,,3,0
973,117,100,S,2014-09-29 06:41:13,,3,0
974,351,82,R,2014-09-29 07:54:23,,3,0
975,319,100,S,2014-09-29 07:51:59,,3,0
976,460,90,V,2014-09-29 07:50:13,2014-09-22 14:10:00,3,1
977,125,42,R,2014-09-29 07:52:52,,3,0
978,200,100,S,2014-09-29 07:54:37,,3,0
979,308,49,R,2014-09-29 07:50:32,,3,0
980,105,75,V,2014-09-29 07:53:18,2014-09-22 16:05:00,3,1
981,424,35,R,2014-09-29 07:54:19,,3,0
982,279,90,V,2014-09-29 07:53:49,2014-09-22 14:15:00,3,1
983,382,100,S,2014-09-29 07:51:38,,3,0
984,64,41,R,2014-09-29 07:54:31,,3,0
985,96,100,S,2014-09-29 07:51:45,,3,0
986,408,100,S,2014-09-29 07:53:15,,3,0
987,55,90,V,2014-09-29 07:54:19,2014-09-22 14:15:00,3,1
988,59,62,R,2014-09-29 07:51:06,,3,0
989,185,74,R,2014-09-29 07:51:53,,3,0
990,241,100,S,2014-09-29 07:51:02,,3,0
991,252,49,R,2014-09-29 07:52:54,,3,0
992,475,100,S,2014-09-29 07:48:46,,3,0
993,238,90,V,2014-09-29 07:50:28,2014-09-22 14:15:00,3,1
994,218,100,S,2014-09-29 07:54:45,,3,0
995,444,79,V,2014-09-29 07:51:27,2014-09-22 14:30:00,3,1
996,310,100,S,2014-09-29 07:52:24,,3,0
997,440,100,S,2014-09-29 07:53:21,,3,0
998,1,90,V,2014-09-29 07:52:50,2014-09-22 14:10:00,3,1
999,442,44,R,2014-09-29 07:51:47,,3,0
1000,429,71,V,2014-09-29 07:50:00,2014-09-22 20:45:00,3,1
1001,49,45,R,2014-09-29 07:50:55,,3,0
1002,280,54,V,2014-09-29 07:54:39,2014-09-22 15:40:00,3,1
1003,46,90,V,2014-09-29 07:39:58,2014-09-22 18:25:00,3,1
1004,176,65,V,2014-09-29 07:54:43,2014-09-22 14:40:00,3,1
1005,89,90,V,2014-09-29 07:54:07,2014-09-22 16:30:00,3,1
1006,289,100,S,2014-09-29 07:53:28,,3,0
1007,214,48,R,2014-09-29 07:52:11,,3,0
1008,209,44,R,2014-09-29 07:53:43,,3,0
1009,8,100,S,2014-09-29 07:54:20,,3,0
1010,159,76,V,2014-09-29 07:52:42,2014-09-22 16:05:00,3,1
1011,358,58,V,2014-09-29 07:53:13,2014-09-22 18:30:00,3,1
1012,300,43,R,2014-09-29 07:50:40,,3,0
1013,306,100,S,2014-09-29 07:51:13,,3,0
1014,33,64,R,2014-09-29 07:51:21,,3,0
1015,52,65,V,2014-09-29 07:50:17,2014-09-22 14:05:00,3,1
1016,364,62,V,2014-09-29 07:54:42,2014-09-22 22:40:00,3,1
1017,17,100,S,2014-09-29 07:52:28,,3,0
1018,242,100,S,2014-09-29 07:52:26,,3,0
1019,400,90,V,2014-09-29 07:53:23,2014-09-22 14:10:00,3,1
1020,476,90,V,2014-09-29 07:53:27,2014-09-22 16:35:00,3,1
1021,161,75,R,2014-09-29 07:53:16,,3,0
1022,136,90,V,2014-09-29 07:50:35,2014-09-22 14:35:00,3,1
1023,77,100,S,2014-09-29 07:52:48,,3,0
1024,135,61,V,2014-09-29 07:51:08,2014-09-22 18:35:00,3,1
1025,41,90,V,2014-09-29 07:52:40,2014-09-22 14:10:00,3,1
1026,178,100,S,2014-09-29 07:53:15,,3,0
1027,216,58,V,2014-09-29 07:52:52,2014-09-23 15:10:00,3,1
1028,215,100,S,2014-09-29 07:51:39,,3,0
1029,167,43,R,2014-09-29 07:53:58,,3,0
1030,128,90,V,2014-09-29 07:52:55,2014-09-22 23:10:00,3,1
1031,281,100,S,2014-09-29 07:50:09,,3,0
1032,9,60,V,2014-09-29 07:50:53,2014-09-22 14:55:00,3,1
1033,337,59,R,2014-09-29 07:50:49,,3,0
1034,354,53,R,2014-09-29 07:52:32,,3,0
1035,18,56,V,2014-09-29 07:52:01,2014-09-22 15:15:00,3,1
1036,145,90,V,2014-09-29 07:51:59,2014-09-22 15:15:00,3,1
1037,391,100,S,2014-09-29 07:53:58,,3,0
1038,204,100,S,2014-09-29 07:54:50,,3,0
1039,232,100,S,2014-09-29 07:50:57,,3,0
1040,247,53,V,2014-09-29 07:53:37,2014-09-22 14:05:00,3,1
1041,472,42,R,2014-09-29 07:50:54,,3,0
1042,379,100,S,2014-09-29 07:54:25,,3,0
1043,94,100,S,2014-09-29 07:50:56,,3,0
1044,195,48,R,2014-09-29 07:53:43,,3,0
1045,164,50,R,2014-09-29 07:51:21,,3,0
1046,210,100,S,2014-09-29 07:50:24,,3,0
1047,42,100,S,2014-09-29 07:50:48,,3,0
1048,12,90,V,2014-09-29 07:54:04,2014-09-25 14:10:00,3,1
1049,181,100,S,2014-09-29 07:39:49,,3,0
1050,470,54,V,2014-09-29 07:52:38,2014-09-22 16:10:00,3,1
1051,2,76,V,2014-09-29 07:53:15,2014-09-23 15:40:00,3,1
1052,258,41,R,2014-09-29 07:51:23,,3,0
1053,402,72,V,2014-09-29 07:52:03,2014-09-22 23:10:00,3,1
1054,132,90,V,2014-09-29 07:54:46,2014-09-22 14:20:00,3,1
1055,174,100,S,2014-09-29 07:50:57,,3,0
1056,35,44,R,2014-09-29 07:53:50,,3,0
1057,47,100,S,2014-09-29 07:51:41,,3,0
1058,168,100,S,2014-09-29 07:54:04,,3,0
1059,416,62,V,2014-09-29 07:52:22,2014-09-22 14:10:00,3,1
1060,376,100,S,2014-09-29 07:53:57,,3,0
1061,69,90,V,2014-09-29 07:51:46,2014-09-22 19:45:00,3,1
1062,248,67,V,2014-09-29 07:52:51,2014-09-22 19:00:00,3,1
1063,83,100,S,2014-09-29 07:52:40,,3,0
1064,110,50,R,2014-09-29 07:53:19,,3,0
1065,302,53,R,2014-09-29 07:53:15,,3,0
1066,182,62,V,2014-09-29 07:50:47,2014-09-22 15:40:00,3,1
1067,151,54,R,2014-09-29 07:54:36,,3,0
1068,244,100,S,2014-09-29 07:53:56,,3,0
1069,39,49,R,2014-09-29 07:53:26,,3,0
1070,98,90,V,2014-09-29 07:53:02,2014-09-22 14:30:00,3,1
1071,109,100,S,2014-09-29 07:54:23,,3,0
1072,286,90,V,2014-09-29 07:23:51,2014-09-22 14:10:00,3,1
1073,60,54,R,2014-09-29 07:51:32,,3,0
1074,435,100,S,2014-09-29 07:50:11,,3,0
1075,359,70,V,2014-09-29 07:51:21,2014-09-22 14:40:00,3,1
1076,285,90,V,2014-09-29 02:05:08,2014-09-24 21:40:00,3,1
1077,314,32,R,2014-09-29 07:51:51,,3,0
1078,434,79,R,2014-09-29 07:51:13,,3,0
1079,19,46,R,2014-09-29 07:53:27,,3,0
1080,261,57,R,2014-09-29 07:52:32,,3,0
1081,361,100,S,2014-09-29 07:53:59,,3,0
1082,48,100,S,2014-09-29 07:54:22,,3,0
1083,170,51,R,2014-09-29 07:50:51,,3,0
1084,23,52,R,2014-09-29 07:54:54,,3,0
1085,20,46,R,2014-09-29 07:52:39,,3,0
1086,30,100,S,2014-09-29 07:54:08,,3,0
1087,102,100,S,2014-09-29 07:52:16,,3,0
1088,412,55,R,2014-09-29 07:53:58,,3,0
1089,340,100,S,2014-09-29 07:53:29,,3,0
1090,250,90,V,2014-09-29 07:51:15,2014-09-22 20:15:00,3,1
1091,190,90,V,2014-09-29 07:52:48,2014-09-22 16:15:00,3,1
1092,237,100,S,2014-09-29 07:51:42,,3,0
1093,75,90,V,2014-09-29 07:51:58,2014-09-22 14:35:00,3,1
1094,101,100,S,2014-09-29 07:52:59,,3,0
1095,298,90,V,2014-09-29 07:50:54,2014-09-22 14:15:00,3,1
1096,325,37,R,2014-09-29 07:50:19,,3,0
1097,267,61,V,2014-09-29 07:54:56,2014-09-22 14:10:00,3,1
1098,305,90,V,2014-09-29 07:50:59,2014-09-23 15:40:00,3,1
1099,138,100,S,2014-09-29 07:52:18,,3,0
1100,467,100,S,2014-09-29 07:52:33,,3,0
1101,56,90,V,2014-09-29 07:54:23,2014-09-22 14:55:00,3,1
1102,143,90,V,2014-09-29 07:52:57,2014-09-22 14:25:00,3,1
1103,293,53,V,2014-09-29 07:52:25,2014-09-22 20:30:00,3,1
1104,124,100,S,2014-09-29 07:51:30,,3,0
1105,150,90,V,2014-09-29 07:52:23,2014-09-22 18:50:00,3,1
1106,446,90,V,2014-09-29 07:55:00,2014-09-22 14:40:00,3,1
1107,80,47,R,2014-09-29 07:51:10,,3,0
1108,288,100,S,2014-09-29 07:50:33,,3,0
1109,395,100,S,2014-09-29 07:53:03,,3,0
1110,458,55,R,2014-09-29 07:54:50,,3,0
1111,113,40,R,2014-09-29 07:53:43,,3,0
1112,415,100,S,2014-09-29 07:54:09,,3,0
1113,4,90,V,2014-09-29 07:51:48,2014-09-22 18:55:00,3,1
1114,348,100,S,2014-09-29 07:52:21,,3,0
1115,483,90,V,2014-09-29 07:51:41,2014-09-22 17:10:00,3,1
1116,81,90,V,2014-09-29 07:52:42,2014-09-22 14:20:00,3,1
1117,189,74,R,2014-09-29 07:50:08,,3,0
1118,374,100,S,2014-09-29 07:51:12,,3,0
1119,259,100,S,2014-09-29 07:54:58,,3,0
1120,71,90,V,2014-09-29 07:49:59,2014-09-22 14:10:00,3,1
1121,205,53,R,2014-09-29 07:51:13,,3,0
1122,290,100,S,2014-09-29 07:50:05,,3,0
1123,220,90,V,2014-09-29 07:51:26,2014-09-23 04:55:00,3,1
1124,297,90,V,2014-09-29 07:51:13,2014-09-22 14:55:00,3,1
1125,466,90,V,2014-09-29 07:51:43,2014-09-22 17:00:00,3,1
1126,11,48,R,2014-09-29 07:45:58,,3,0
1127,292,100,S,2014-09-29 07:52:09,,3,0
1128,191,70,V,2014-09-29 07:53:21,2014-09-22 15:10:00,3,1
1129,454,100,S,2014-09-29 05:55:30,,3,0
1130,78,100,S,2014-09-29 07:50:57,,3,0
1131,411,65,R,2014-09-29 07:51:39,,3,0
1132,384,100,S,2014-09-29 07:47:36,,3,0
1133,226,100,S,2014-09-29 07:53:12,,3,0
1134,386,45,R,2014-09-29 07:50:10,,3,0
1135,97,90,V,2014-09-29 07:52:39,2014-09-22 14:10:00,3,1
1136,140,90,V,2014-09-29 07:53:36,2014-09-24 14:35:00,3,1
1137,269,100,S,2014-09-29 07:50:11,,3,0
1138,459,100,S,2014-09-29 07:48:04,,3,0
1139,111,90,V,2014-09-29 07:53:21,2014-09-22 14:15:00,3,1
1140,352,47,R,2014-09-29 07:54:37,,3,0
1141,122,100,S,2014-09-29 07:54:41,,3,0
1142,29,90,V,2014-09-29 07:51:47,2014-09-22 14:10:00,3,1
1143,14,82,R,2014-09-29 07:51:09,,3,0
1144,403,90,V,2014-09-29 07:52:59,2014-09-22 14:20:00,3,1
1145,91,44,R,2014-09-29 05:11:07,,3,0
1146,100,100,S,2014-09-29 07:51:29,,3,0
1147,270,83,V,2014-09-29 07:52:13,2014-09-22 21:35:00,3,1
1148,489,71,R,2014-09-29 07:52:34,,3,0
1149,445,90,V,2014-09-29 07:51:26,2014-09-22 14:35:00,3,1
1150,401,46,R,2014-09-29 07:51:12,,3,0
1151,126,90,V,2014-09-29 07:46:59,2014-09-22 17:40:00,3,1
1152,345,72,V,2014-09-29 07:54:01,2014-09-22 14:10:00,3,1
1153,194,100,S,2014-09-29 07:53:24,,3,0
1154,478,71,R,2014-09-29 07:51:15,,3,0
1155,324,100,S,2014-09-29 07:52:32,,3,0
1156,346,90,V,2014-09-29 07:50:20,2014-09-24 15:35:00,3,1
1157,180,90,V,2014-09-29 07:53:25,2014-09-22 14:10:00,3,1
1158,233,100,S,2014-09-29 07:50:18,,3,0
1159,262,100,S,2014-09-29 07:52:22,,3,0
1160,227,41,R,2014-09-29 07:53:38,,3,0
1161,465,63,R,2014-09-29 07:08:48,,3,0
1162,404,100,S,2014-09-29 07:53:03,,3,0
1163,31,45,R,2014-09-29 07:53:41,,3,0
1164,45,100,S,2014-09-29 07:50:39,,3,0
1165,120,90,V,2014-09-29 07:52:52,2014-09-22 15:40:00,3,1
1166,123,55,R,2014-09-29 07:54:13,,3,0
1167,157,38,R,2014-09-29 07:51:59,,3,0
1168,114,100,S,2014-09-29 07:54:25,,3,0
1169,223,84,R,2014-09-29 07:54:01,,3,0
1170,490,100,S,2014-09-29 07:52:38,,3,0
1171,330,100,S,2014-09-29 07:50:35,,3,0
1172,294,90,V,2014-09-29 07:50:32,2014-09-22 19:40:00,3,1
1173,50,100,S,2014-09-29 07:53:02,,3,0
1174,356,28,R,2014-09-29 07:54:29,,3,0
1175,249,57,R,2014-09-29 07:52:34,,3,0
1176,371,100,S,2014-09-29 07:52:53,,3,0
1177,171,100,S,2014-09-29 07:51:46,,3,0
1178,263,38,R,2014-09-29 07:50:35,,3,0
1179,79,51,R,2014-09-29 04:07:00,,3,0
1180,225,90,V,2014-09-29 07:54:47,2014-09-22 20:30:00,3,1
1181,419,60,R,2014-09-29 07:53:52,,3,0
1182,274,100,S,2014-09-29 07:54:24,,3,0
1183,207,90,V,2014-10-06 07:51:48,2014-09-29 16:10:00,4,1
1184,390,47,R,2014-10-06 07:50:32,,4,0
1185,392,53,R,2014-10-06 07:50:18,,4,0
1186,357,100,S,2014-10-06 07:54:42,,4,0
1187,427,100,S,2014-10-06 07:53:51,,4,0
1188,70,90,V,2014-10-06 07:26:10,2014-09-29 15:05:00,4,1
1189,106,100,S,2014-10-06 07:51:55,,4,0
1190,166,90,V,2014-10-06 07:54:17,2014-09-29 14:10:00,4,1
1191,133,100,S,2014-10-06 07:51:20,,4,0
1192,184,90,V,2014-10-06 07:51:40,2014-09-29 15:00:00,4,1
1193,131,37,R,2014-10-06 07:54:05,,4,0
1194,229,53,R,2014-10-06 07:50:55,,4,0
1195,370,90,V,2014-10-06 07:51:49,2014-09-29 21:20:00,4,1
1196,251,90,V,2014-10-06 07:51:46,2014-09-29 14:30:00,4,1
1197,383,54,R,2014-10-06 07:52:09,,4,0
1198,272,100,S,2014-10-06 07:54:03,,4,0
1199,329,100,S,2014-10-06 07:50:17,,4,0
1200,21,100,S,2014-10-06 07:51:36,,4,0
1201,417,90,V,2014-10-06 07:51:50,2014-09-29 18:10:00,4,1
1202,32,90,V,2014-10-06 07:53:38,2014-09-29 14:30:00,4,1
1203,26,100,S,2014-10-06 07:52:58,,4,0
1204,397,90,V,2014-10-06 07:54:36,2014-09-29 17:25:00,4,1
1205,451,35,R,2014-10-06 07:54:26,,4,0
1206,165,100,S,2014-10-06 07:54:38,,4,0
1207,239,67,V,2014-10-06 07:51:26,2014-09-29 14:35:00,4,1
1208,455,100,S,2014-10-06 07:53:01,,4,0
1209,112,100,S,2014-10-06 07:51:17,,4,0
1210,453,88,V,2014-10-06 07:50:33,2014-09-29 14:10:00,4,1
1211,355,90,V,2014-10-06 07:53:19,2014-09-29 14:10:00,4,1
1212,196,100,S,2014-10-06 07:51:29,,4,0
1213,313,90,V,2014-10-06 07:53:12,2014-09-29 15:25:00,4,1
1214,37,44,R,2014-10-06 07:53:13,,4,0
1215,34,64,V,2014-10-06 07:53:39,2014-09-29 14:35:00,4,1
1216,366,56,V,2014-10-06 07:54:16,2014-09-29 18:30:00,4,1
1217,58,100,S,2014-10-06 07:52:50,,4,0
1218,236,34,R,2014-10-06 07:53:21,,4,0
1219,323,100,S,2014-10-06 07:53:12,,4,0
1220,72,100,S,2014-10-06 07:53:14,,4,0
1221,322,51,R,2014-10-06 07:53:52,,4,0
1222,333,45,R,2014-10-06 07:50:05,,4,0
1223,264,45,R,2014-10-06 07:51:07,,4,0
1224,188,100,S,2014-10-06 05:19:58,,4,0
1225,213,62,R,2014-10-06 07:52:25,,4,0
1226,134,50,V,2014-10-06 07:52:18,2014-09-29 17:40:00,4,1
1227,315,90,V,2014-10-06 07:50:29,2014-10-01 19:15:00,4,1
1228,88,36,R,2014-10-06 07:50:00,,4,0
1229,399,55,V,2014-10-06 07:54:07,2014-09-29 14:10:00,4,1
1230,282,90,V,2014-10-06 07:51:30,2014-09-29 18:50:00,4,1
1231,450,100,S,2014-10-06 07:52:10,,4,0
1232,462,90,R,2014-10-06 07:51:22,,4,0
1233,439,71,V,2014-10-06 07:52:13,2014-09-29 14:10:00,4,1
1234,156,58,V,2014-10-06 07:54:04,2014-09-29 14:15:00,4,1
1235,276,90,V,2014-10-06 07:50:55,2014-09-29 15:25:00,4,1
1236,217,100,S,2014-10-06 07:54:51,,4,0
1237,336,100,S,2014-10-06 07:53:24,,4,0
1238,338,90,V,2014-10-06 07:51:46,,4,0
1239,303,47,R,2014-10-06 07:54:14,,4,0
1240,430,100,S,2014-10-06 07:50:27,,4,0
1241,206,100,S,2014-10-06 07:53:05,,4,0
1242,153,90,V,2014-10-06 07:50:02,2014-09-29 14:15:00,4,1
1243,193,78,R,2014-10-06 07:50:02,,4,0
1244,443,58,R,2014-10-06 07:52:34,,4,0
1245,266,100,S,2014-10-06 07:52:45,,4,0
1246,172,100,S,2014-10-06 07:51:14,,4,0
1247,367,54,V,2014-10-06 07:50:50,2014-09-29 17:15:00,4,1
1248,407,100,S,2014-10-06 07:54:08,,4,0
1249,304,100,S,2014-10-06 07:51:27,,4,0
1250,99,55,V,2014-10-06 07:52:01,2014-09-29 14:05:00,4,1
1251,328,90,V,2014-10-06 07:50:00,2014-09-29 22:40:00,4,1
1252,291,100,S,2014-10-06 07:51:21,,4,0
1253,198,90,V,2014-10-06 07:51:56,2014-09-29 15:00:00,4,1
1254,428,100,S,2014-10-06 07:50:56,,4,0
1255,212,100,S,2014-10-06 07:51:21,,4,0
1256,173,43,R,2014-10-06 07:52:46,,4,0
1257,260,90,V,2014-10-06 07:52:24,2014-09-29 14:10:00,4,1
1258,15,90,V,2014-10-06 07:52:28,2014-09-29 15:00:00,4,1
1259,240,100,S,2014-10-06 07:52:38,,4,0
1260,62,100,S,2014-10-06 07:53:12,,4,0
1261,24,100,S,2014-10-06 07:52:32,,4,0
1262,480,100,S,2014-10-06 07:50:07,,4,0
1263,299,100,S,2014-10-06 07:45:20,,4,0
1264,365,54,R,2014-10-06 07:54:08,,4,0
1265,38,42,R,2014-10-06 07:53:07,,4,0
1266,129,55,V,2014-10-06 07:54:42,2014-10-04 17:00:00,4,1
1267,301,100,S,2014-10-06 07:52:30,,4,0
1268,389,100,S,2014-10-06 07:50:36,,4,0
1269,278,90,V,2014-10-06 07:51:07,2014-09-29 14:20:00,4,1
1270,149,69,V,2014-10-06 07:54:50,2014-09-29 14:05:00,4,1
1271,349,90,V,2014-10-06 07:52:12,2014-09-29 14:35:00,4,1
1272,363,90,V,2014-10-06 07:51:42,2014-09-29 16:05:00,4,1
1273,296,62,V,2014-10-06 07:52:09,2014-09-29 16:00:00,4,1
1274,139,100,S,2014-10-06 07:52:17,,4,0
1275,65,100,S,2014-10-06 07:52:15,,4,0
1276,420,90,V,2014-10-06 07:53:51,2014-09-29 17:20:00,4,1
1277,394,57,V,2014-10-06 07:53:46,2014-09-29 15:10:00,4,1
1278,432,100,S,2014-10-06 07:51:24,,4,0
1279,253,100,S,2014-10-06 07:50:09,,4,0
1280,211,52,R,2014-10-06 07:50:09,,4,0
1281,372,41,R,2014-10-06 07:53:49,,4,0
1282,54,100,S,2014-10-06 07:50:03,,4,0
1283,245,90,V,2014-10-06 07:50:22,2014-10-01 17:50:00,4,1
1284,426,90,V,2014-10-06 07:53:06,2014-09-29 17:50:00,4,1
1285,431,100,S,2014-10-06 07:51:31,,4,0
1286,254,100,S,2014-10-06 07:52:23,,4,0
1287,144,100,S,2014-10-06 07:52:24,,4,0
1288,433,100,S,2014-10-06 05:30:32,,4,0
1289,449,68,R,2014-10-06 07:51:29,,4,0
1290,154,49,R,2014-10-06 07:50:40,,4,0
1291,332,90,V,2014-10-06 07:50:39,2014-09-29 16:20:00,4,1
1292,224,90,V,2014-10-06 07:53:46,2014-09-29 15:45:00,4,1
1293,350,100,S,2014-10-06 07:51:22,,4,0
1294,13,90,V,2014-10-06 07:54:53,2014-09-29 14:30:00,4,1
1295,360,100,S,2014-10-06 06:29:06,,4,0
1296,437,35,R,2014-10-06 07:52:35,,4,0
1297,3,90,V,2014-10-06 07:52:24,2014-09-29 14:10:00,4,1
1298,197,90,V,2014-10-06 07:51:09,2014-09-29 14:10:00,4,1
1299,311,90,V,2014-10-06 07:51:00,,4,0
1300,25,100,S,2014-10-06 07:53:38,,4,0
1301,219,90,V,2014-10-06 07:53:33,,4,0
1302,146,90,V,2014-10-06 07:39:48,,4,0
1303,387,100,S,2014-10-06 05:38:12,,4,0
1304,228,58,V,2014-10-06 07:52:03,2014-09-29 14:50:00,4,1
1305,90,50,R,2014-10-06 07:52:10,,4,0
1306,327,51,R,2014-10-06 07:51:47,,4,0
1307,277,100,S,2014-10-06 07:51:15,,4,0
1308,107,90,V,2014-10-06 07:52:13,2014-09-29 22:40:00,4,1
1309,373,100,S,2014-10-06 07:51:33,,4,0
1310,307,100,S,2014-10-06 07:52:10,,4,0
1311,169,100,S,2014-10-06 07:50:07,,4,0
1312,104,90,V,2014-10-06 07:54:21,2014-09-29 14:10:00,4,1
1313,448,87,R,2014-10-06 07:54:14,,4,0
1314,230,100,S,2014-10-06 07:52:58,,4,0
1315,231,61,V,2014-10-06 07:50:15,2014-09-29 17:20:00,4,1
1316,287,100,S,2014-10-06 07:54:27,,4,0
1317,68,100,S,2014-10-06 07:50:33,,4,0
1318,76,64,R,2014-10-06 07:50:17,,4,0
1319,22,90,V,2014-10-06 07:51:33,2014-09-29 14:50:00,4,1
1320,347,41,R,2014-10-06 07:53:15,,4,0
1321,6,100,S,2014-10-06 07:53:12,,4,0
1322,474,100,S,2014-10-06 07:51:43,,4,0
1323,385,100,S,2014-10-06 07:51:51,,4,0
1324,477,47,R,2014-10-06 07:27:09,,4,0
1325,116,90,V,2014-10-06 07:53:47,2014-09-29 14:10:00,4,1
1326,192,90,V,2014-10-06 07:53:47,2014-09-29 15:35:00,4,1
1327,73,86,R,2014-10-06 07:33:23,,4,0
1328,119,58,V,2014-10-06 06:54:36,2014-09-29 14:15:00,4,1
1329,130,27,R,2014-10-06 07:50:27,,4,0
1330,16,90,V,2014-10-06 07:52:08,2014-09-29 14:20:00,4,1
1331,268,100,S,2014-10-06 07:51:42,,4,0
1332,423,100,S,2014-10-06 07:53:34,,4,0
1333,343,100,S,2014-10-06 07:51:05,,4,0
1334,473,52,R,2014-10-06 07:53:34,,4,0
1335,74,100,S,2014-10-06 07:50:46,,4,0
1336,378,55,R,2014-10-06 07:51:29,,4,0
1337,309,90,V,2014-10-06 07:54:23,2014-09-29 16:00:00,4,1
1338,485,90,V,2014-10-06 07:51:50,2014-09-29 14:10:00,4,1
1339,456,100,S,2014-10-06 07:52:47,,4,0
1340,471,100,S,2014-10-06 07:48:33,,4,0
1341,447,64,R,2014-10-06 03:04:12,,4,0
1342,179,45,R,2014-10-06 07:53:48,,4,0
1343,318,90,V,2014-10-06 07:50:28,2014-09-29 14:30:00,4,1
1344,406,37,R,2014-10-06 07:51:53,,4,0
1345,334,100,S,2014-10-06 07:17:05,,4,0
1346,246,40,R,2014-10-06 07:50:24,,4,0
1347,127,65,R,2014-10-06 07:51:23,,4,0
1348,202,100,S,2014-10-06 07:53:34,,4,0
1349,203,46,R,2014-10-06 07:54:28,,4,0
1350,44,100,S,2014-10-06 07:51:02,,4,0
1351,175,66,R,2014-10-06 06:30:01,,4,0
1352,422,100,S,2014-10-06 07:54:20,,4,0
1353,147,100,S,2014-10-06 07:50:07,,4,0
1354,117,100,S,2014-10-06 07:54:52,,4,0
1355,351,90,V,2014-10-06 07:52:19,2014-09-29 14:25:00,4,1
1356,319,100,S,2014-10-06 03:41:54,,4,0
1357,460,90,V,2014-10-06 07:51:43,2014-09-29 14:10:00,4,1
1358,125,52,V,2014-10-06 07:52:08,2014-09-29 18:45:00,4,1
1359,200,100,S,2014-10-06 07:54:05,,4,0
1360,308,90,V,2014-10-06 07:51:37,2014-09-29 16:40:00,4,1
1361,105,90,V,2014-10-06 07:50:22,2014-09-29 14:25:00,4,1
1362,67,64,V,2014-10-06 07:53:55,,4,0
1363,424,40,R,2014-10-06 07:54:04,,4,0
1364,163,100,S,2014-10-06 07:52:47,,4,0
1365,279,90,V,2014-10-06 07:53:50,2014-09-29 14:10:00,4,1
1366,382,100,S,2014-10-06 07:47:04,,4,0
1367,64,100,S,2014-10-06 07:50:02,,4,0
1368,10,100,S,2014-10-06 02:49:05,,4,0
1369,96,100,S,2014-10-06 07:52:23,,4,0
1370,408,60,R,2014-10-06 07:54:16,,4,0
1371,55,90,V,2014-10-06 07:54:32,2014-09-29 14:25:00,4,1
1372,59,100,S,2014-10-06 07:53:54,,4,0
1373,185,46,R,2014-10-06 07:53:22,,4,0
1374,241,100,S,2014-10-06 07:50:15,,4,0
1375,252,59,V,2014-10-06 07:54:19,2014-09-29 14:10:00,4,1
1376,481,90,V,2014-10-06 07:54:07,2014-09-29 14:30:00,4,1
1377,475,100,S,2014-10-06 07:50:19,,4,0
1378,441,90,V,2014-10-06 07:54:50,2014-09-29 14:25:00,4,1
1379,218,51,R,2014-10-06 07:54:32,,4,0
1380,444,100,S,2014-10-06 07:53:39,,4,0
1381,310,55,R,2014-10-06 07:50:12,,4,0
1382,440,100,S,2014-10-06 07:53:24,,4,0
1383,381,100,S,2014-10-06 07:14:59,,4,0
1384,1,61,R,2014-10-06 07:52:34,,4,0
1385,442,100,S,2014-10-06 07:53:16,,4,0
1386,429,53,V,2014-10-06 07:53:13,2014-09-30 20:55:00,4,1
1387,49,90,V,2014-10-06 07:53:42,2014-09-29 14:25:00,4,1
1388,280,66,V,2014-10-06 07:51:27,2014-09-29 16:30:00,4,1
1389,46,90,V,2014-10-06 07:50:49,2014-09-30 00:40:00,4,1
1390,176,90,V,2014-10-06 07:50:58,2014-09-29 20:05:00,4,1
1391,89,90,V,2014-10-06 07:54:44,2014-09-30 01:50:00,4,1
1392,289,100,S,2014-10-06 07:51:34,,4,0
1393,214,47,R,2014-10-06 07:51:26,,4,0
1394,209,90,V,2014-10-06 07:50:54,2014-09-29 14:55:00,4,1
1395,8,69,R,2014-10-06 07:51:40,,4,0
1396,159,100,S,2014-10-06 07:51:48,,4,0
1397,358,90,V,2014-10-06 07:53:46,2014-10-01 17:30:00,4,1
1398,300,90,V,2014-10-06 07:53:20,2014-09-29 14:10:00,4,1
1399,306,100,S,2014-10-06 07:51:56,,4,0
1400,33,90,V,2014-10-06 07:51:44,2014-09-29 14:10:00,4,1
1401,52,63,V,2014-10-06 07:53:38,2014-09-29 17:10:00,4,1
1402,364,100,S,2014-10-06 07:50:05,,4,0
1403,17,100,S,2014-10-06 07:51:53,,4,0
1404,242,100,S,2014-10-06 07:54:30,,4,0
1405,400,90,V,2014-10-06 07:50:42,2014-09-29 14:05:00,4,1
1406,476,100,S,2014-10-06 07:51:30,,4,0
1407,161,100,S,2014-10-06 07:50:44,,4,0
1408,136,90,V,2014-10-06 07:52:13,2014-09-29 14:10:00,4,1
1409,77,100,S,2014-10-06 07:50:53,,4,0
1410,135,90,V,2014-10-06 07:52:14,2014-09-30 15:00:00,4,1
1411,41,90,V,2014-10-06 07:54:25,2014-09-29 14:10:00,4,1
1412,178,100,S,2014-10-06 07:52:50,,4,0
1413,216,90,V,2014-10-06 07:52:18,2014-10-05 02:10:00,4,1
1414,167,29,R,2014-10-06 07:50:47,,4,0
1415,128,90,V,2014-10-06 07:54:18,2014-10-02 17:00:00,4,1
1416,281,100,S,2014-10-06 07:54:52,,4,0
1417,463,90,V,2014-10-06 07:46:11,,4,0
1418,337,100,S,2014-10-06 07:51:48,,4,0
1419,354,100,S,2014-10-06 07:52:01,,4,0
1420,18,52,V,2014-10-06 07:54:41,2014-09-29 14:20:00,4,1
1421,331,100,S,2014-10-06 07:54:32,,4,0
1422,145,48,R,2014-10-06 07:54:06,,4,0
1423,391,100,S,2014-10-06 07:51:27,,4,0
1424,204,100,S,2014-10-06 07:52:57,,4,0
1425,232,100,S,2014-10-06 07:53:15,,4,0
1426,247,90,V,2014-10-06 07:53:04,2014-09-29 14:55:00,4,1
1427,472,100,S,2014-10-06 07:50:38,,4,0
1428,379,90,V,2014-10-06 07:53:30,2014-10-01 14:10:00,4,1
1429,94,100,S,2014-10-06 07:50:34,,4,0
1430,195,90,V,2014-10-06 07:52:44,2014-09-30 14:25:00,4,1
1431,164,43,R,2014-10-06 07:53:25,,4,0
1432,210,100,S,2014-10-06 07:53:34,,4,0
1433,42,54,R,2014-10-06 07:53:16,,4,0
1434,375,100,S,2014-10-06 07:50:18,,4,0
1435,12,100,S,2014-10-06 07:54:56,,4,0
1436,181,71,V,2014-10-06 07:35:02,2014-09-29 18:25:00,4,1
1437,470,90,V,2014-10-06 07:54:52,2014-09-29 17:15:00,4,1
1438,388,100,S,2014-10-06 07:52:42,,4,0
1439,2,100,S,2014-10-06 07:54:59,,4,0
1440,258,79,V,2014-10-06 07:50:17,2014-09-29 14:25:00,4,1
1441,402,90,V,2014-10-06 07:54:13,2014-09-29 15:30:00,4,1
1442,132,44,R,2014-10-06 07:51:27,,4,0
1443,174,83,R,2014-10-06 07:52:23,,4,0
1444,35,90,V,2014-10-06 07:51:14,2014-09-29 15:00:00,4,1
1445,168,90,V,2014-10-06 07:54:55,2014-10-03 14:20:00,4,1
1446,416,90,V,2014-10-06 07:53:36,2014-09-29 14:10:00,4,1
1447,376,90,V,2014-10-06 07:53:38,2014-09-29 14:20:00,4,1
1448,69,90,V,2014-10-06 07:52:47,2014-09-29 14:40:00,4,1
1449,248,53,R,2014-10-06 07:51:34,,4,0
1450,83,41,R,2014-10-06 07:54:39,,4,0
1451,110,100,S,2014-10-06 07:53:56,,4,0
1452,302,90,V,2014-10-06 07:51:53,2014-10-05 15:55:00,4,1
1453,182,100,S,2014-10-06 07:51:48,,4,0
1454,151,100,S,2014-10-06 07:54:36,,4,0
1455,244,100,S,2014-10-06 07:53:37,,4,0
1456,39,70,R,2014-10-06 07:51:12,,4,0
1457,109,100,S,2014-10-06 07:53:53,,4,0
1458,286,90,V,2014-10-06 07:52:31,2014-09-29 14:10:00,4,1
1459,60,41,R,2014-10-06 07:51:53,,4,0
1460,435,47,R,2014-10-06 07:52:12,,4,0
1461,359,90,V,2014-10-06 07:52:04,2014-09-29 14:10:00,4,1
1462,314,64,V,2014-10-06 07:52:08,2014-09-29 14:10:00,4,1
1463,434,90,V,2014-10-06 07:52:39,2014-09-29 14:20:00,4,1
1464,19,77,R,2014-10-06 07:53:41,,4,0
1465,261,34,R,2014-10-06 07:52:21,,4,0
1466,361,52,V,2014-10-06 07:54:25,2014-09-30 15:20:00,4,1
1467,48,100,S,2014-10-06 07:53:22,,4,0
1468,170,100,S,2014-10-06 07:52:31,,4,0
1469,23,48,R,2014-10-06 07:53:47,,4,0
1470,20,100,S,2014-10-06 07:51:06,,4,0
1471,30,100,S,2014-10-06 07:53:14,,4,0
1472,102,100,S,2014-10-06 07:53:16,,4,0
1473,412,58,R,2014-10-06 07:54:52,,4,0
1474,340,100,S,2014-10-06 07:52:08,,4,0
1475,190,90,V,2014-10-06 07:54:08,2014-09-29 17:10:00,4,1
1476,237,100,S,2014-10-06 07:54:57,,4,0
1477,101,100,S,2014-10-06 07:50:05,,4,0
1478,298,90,V,2014-10-06 07:50:07,2014-09-29 15:20:00,4,1
1479,325,100,S,2014-10-06 07:53:05,,4,0
1480,267,35,R,2014-10-06 07:54:37,,4,0
1481,265,90,V,2014-10-06 07:53:06,2014-09-29 22:55:00,4,1
1482,305,90,V,2014-10-06 07:50:37,2014-09-29 23:00:00,4,1
1483,138,100,S,2014-10-06 07:52:53,,4,0
1484,467,90,V,2014-10-06 07:02:57,2014-09-29 14:25:00,4,1
1485,56,90,V,2014-10-06 07:52:37,2014-09-29 14:10:00,4,1
1486,143,90,V,2014-10-06 07:52:31,2014-09-29 15:10:00,4,1
1487,293,90,V,2014-10-06 07:50:33,2014-09-29 14:10:00,4,1
1488,124,64,R,2014-10-06 07:50:03,,4,0
1489,150,100,S,2014-10-06 07:51:07,,4,0
1490,446,90,V,2014-10-06 07:50:51,2014-09-29 15:20:00,4,1
1491,80,100,S,2014-10-06 07:52:31,,4,0
1492,457,67,V,2014-10-06 07:51:42,,4,0
1493,288,64,R,2014-10-06 07:53:21,,4,0
1494,395,45,R,2014-10-06 07:49:43,,4,0
1495,458,52,R,2014-10-06 07:51:17,,4,0
1496,113,90,V,2014-10-06 07:54:03,2014-09-29 20:05:00,4,1
1497,415,100,S,2014-10-06 07:54:30,,4,0
1498,4,100,S,2014-10-06 07:54:54,,4,0
1499,348,62,V,2014-10-06 07:54:02,2014-10-05 20:50:00,4,1
1500,141,100,S,2014-10-06 07:51:33,,4,0
1501,483,90,V,2014-10-06 07:50:05,2014-09-29 14:10:00,4,1
1502,81,100,S,2014-10-06 07:50:21,,4,0
1503,374,100,S,2014-10-06 06:45:10,,4,0
1504,259,100,S,2014-10-06 07:51:26,,4,0
1505,71,90,V,2014-10-06 07:52:08,2014-09-29 14:10:00,4,1
1506,205,100,S,2014-10-06 07:49:14,,4,0
1507,290,100,S,2014-10-06 07:53:23,,4,0
1508,220,100,S,2014-10-06 07:52:10,,4,0
1509,466,90,V,2014-10-06 07:52:34,2014-09-29 15:30:00,4,1
1510,11,72,R,2014-10-06 07:54:23,,4,0
1511,292,100,S,2014-10-06 07:53:49,,4,0
1512,191,90,V,2014-10-06 07:50:35,2014-09-29 14:10:00,4,1
1513,454,100,S,2014-10-06 07:54:24,,4,0
1514,78,100,S,2014-10-06 07:53:58,,4,0
1515,411,79,V,2014-10-06 07:54:05,2014-10-01 14:10:00,4,1
1516,384,100,S,2014-10-06 07:50:54,,4,0
1517,226,100,S,2014-10-06 07:51:07,,4,0
1518,386,90,V,2014-10-06 07:51:13,2014-09-29 15:15:00,4,1
1519,97,90,V,2014-10-06 07:51:19,2014-09-30 07:40:00,4,1
1520,140,100,S,2014-10-06 07:53:40,,4,0
1521,269,44,R,2014-10-06 07:50:26,,4,0
1522,459,100,S,2014-10-06 07:53:35,,4,0
1523,111,65,V,2014-10-06 07:52:17,2014-09-29 14:10:00,4,1
1524,122,100,S,2014-10-06 07:49:27,,4,0
1525,29,73,V,2014-10-06 07:54:31,2014-09-29 14:10:00,4,1
1526,92,90,V,2014-10-06 07:54:04,2014-09-29 14:20:00,4,1
1527,14,100,S,2014-10-06 07:51:15,,4,0
1528,403,90,V,2014-10-06 07:53:38,2014-09-29 15:00:00,4,1
1529,91,44,R,2014-10-06 07:53:05,,4,0
1530,100,100,S,2014-10-06 07:54:39,,4,0
1531,95,100,S,2014-10-06 07:51:59,,4,0
1532,489,100,S,2014-10-06 07:50:30,,4,0
1533,445,58,V,2014-10-06 07:50:14,2014-09-29 14:15:00,4,1
1534,401,71,R,2014-10-06 07:50:16,,4,0
1535,275,90,V,2014-10-06 07:50:24,,4,0
1536,126,100,S,2014-10-06 07:54:07,,4,0
1537,345,81,R,2014-10-06 07:54:54,,4,0
1538,194,100,S,2014-10-06 07:52:02,,4,0
1539,478,59,R,2014-10-06 07:51:32,,4,0
1540,324,100,S,2014-10-06 07:50:39,,4,0
1541,63,59,V,2014-10-06 07:51:27,2014-09-30 14:15:00,4,1
1542,346,66,R,2014-10-06 07:54:30,,4,0
1543,180,90,V,2014-10-06 07:53:07,2014-09-29 14:10:00,4,1
1544,233,61,R,2014-10-06 07:54:18,,4,0
1545,227,100,S,2014-10-06 07:53:29,,4,0
1546,404,90,V,2014-10-06 07:51:21,2014-09-29 18:50:00,4,1
1547,31,67,V,2014-10-06 07:53:44,2014-09-29 17:15:00,4,1
1548,120,55,R,2014-10-06 07:51:45,,4,0
1549,123,100,S,2014-10-06 07:52:53,,4,0
1550,157,90,V,2014-10-06 07:51:30,2014-09-29 14:15:00,4,1
1551,114,100,S,2014-10-06 07:49:58,,4,0
1552,223,90,V,2014-10-06 07:53:39,2014-09-29 15:20:00,4,1
1553,490,100,S,2014-10-06 07:53:16,,4,0
1554,330,38,R,2014-10-06 07:54:16,,4,0
1555,294,90,V,2014-10-06 07:54:36,2014-09-29 14:10:00,4,1
1556,50,100,S,2014-10-06 07:53:30,,4,0
1557,356,57,V,2014-10-06 07:52:00,2014-09-29 15:15:00,4,1
1558,249,90,V,2014-10-06 07:53:25,2014-09-29 14:10:00,4,1
1559,371,100,S,2014-10-06 07:53:09,,4,0
1560,171,100,S,2014-10-06 07:51:03,,4,0
1561,263,90,V,2014-10-06 07:51:49,2014-09-29 14:20:00,4,1
1562,79,90,V,2014-10-06 07:50:24,2014-09-30 02:15:00,4,1
1563,225,90,V,2014-10-06 07:52:07,2014-09-29 15:50:00,4,1
1564,419,46,R,2014-10-06 07:52:24,,4,0
1565,274,90,V,2014-10-06 07:51:23,2014-09-29 17:50:00,4,1
1566,468,100,S,2014-10-06 07:54:50,,4,0
