,user,wave_no,vaccination_time,total_interactions,vaccinated_interactions,infected_interactions,recovered_interactions,susceptible_interactions,vaccinated_all,infected_all,recovered_all,susceptible_all
0,158,11,,446,10.31390134529148,0.0,0.0,89.68609865470853,29.18918918918919,0.0,12.162162162162163,58.648648648648646
1,434,11,2014-11-24 14:50:00,550,11.636363636363637,0.0,0.0,88.36363636363636,29.18918918918919,0.0,12.162162162162163,58.648648648648646
2,327,11,,860,37.67441860465116,0.1162790697674418,2.0930232558139537,60.11627906976744,29.18918918918919,0.0,12.162162162162163,58.648648648648646
3,455,11,2014-11-24 15:40:00,269,33.08550185873606,4.83271375464684,3.3457249070631967,57.62081784386617,29.18918918918919,0.0,12.162162162162163,58.648648648648646
4,25,11,,99,16.161616161616163,1.0101010101010102,0.0,82.82828282828282,29.18918918918919,0.0,12.162162162162163,58.648648648648646
5,226,11,,513,17.93372319688109,0.0,0.9746588693957114,81.0916179337232,29.18918918918919,0.0,12.162162162162163,58.648648648648646
6,288,11,,765,17.77777777777778,0.0,0.392156862745098,81.83006535947712,29.18918918918919,0.0,12.162162162162163,58.648648648648646
7,446,11,2014-11-24 17:10:00,1864,8.798283261802576,0.0,4.560085836909871,86.64163090128756,29.18918918918919,0.0,12.162162162162163,58.648648648648646
8,311,11,2014-11-24 16:55:00,3279,49.03934126258005,0.609942055504727,5.885940835620616,43.33638304361085,29.18918918918919,0.0,12.162162162162163,58.648648648648646
9,441,11,,2140,21.58878504672897,5.700934579439252,48.03738317757009,22.38317757009346,29.18918918918919,0.0,12.162162162162163,58.648648648648646
10,483,11,2014-11-24 17:30:00,1039,20.500481231953803,6.159769008662176,47.25697786333012,26.08277189605389,29.18918918918919,0.0,12.162162162162163,58.648648648648646
11,230,11,,1061,0.0,0.0,0.0,100.0,29.18918918918919,0.0,12.162162162162163,58.648648648648646
12,300,11,,2009,34.64410154305625,0.0995520159283225,2.1901443504230964,63.06620209059234,29.18918918918919,0.0,12.162162162162163,58.648648648648646
13,173,11,,417,38.60911270983213,1.4388489208633095,0.7194244604316548,51.55875299760192,29.18918918918919,0.0,12.162162162162163,58.648648648648646
14,454,11,,247,27.93522267206478,0.8097165991902834,0.8097165991902834,70.04048582995951,29.18918918918919,0.0,12.162162162162163,58.648648648648646
15,267,11,2014-11-24 16:40:00,149,18.79194630872483,18.12080536912752,0.0,60.40268456375839,29.18918918918919,0.0,12.162162162162163,58.648648648648646
16,9,11,2014-11-24 15:25:00,446,19.955156950672645,5.829596412556054,11.883408071748878,30.493273542600896,29.18918918918919,0.0,12.162162162162163,58.648648648648646
17,410,11,2014-11-24 14:15:00,1878,30.29818956336528,0.0532481363152289,0.3727369542066028,69.22257720979765,29.18918918918919,0.0,12.162162162162163,58.648648648648646
18,388,11,,639,34.74178403755869,0.0,4.381846635367762,60.40688575899843,29.18918918918919,0.0,12.162162162162163,58.648648648648646
19,22,11,,0,0.0,0.0,0.0,0.0,29.18918918918919,0.0,12.162162162162163,58.648648648648646
20,337,11,,0,0.0,0.0,0.0,0.0,29.18918918918919,0.0,12.162162162162163,58.648648648648646
21,426,11,,1766,35.900339750849376,2.1517553793884483,3.737259343148358,56.22876557191393,29.18918918918919,0.0,12.162162162162163,58.648648648648646
22,98,11,2014-11-24 16:25:00,1194,42.462311557788944,0.0,26.38190954773869,28.47571189279732,29.18918918918919,0.0,12.162162162162163,58.648648648648646
23,487,11,,0,0.0,0.0,0.0,0.0,29.18918918918919,0.0,12.162162162162163,58.648648648648646
24,212,11,,281,18.86120996441281,0.0,13.523131672597868,67.61565836298932,29.18918918918919,0.0,12.162162162162163,58.648648648648646
25,404,11,,88,10.227272727272728,0.0,1.1363636363636365,88.63636363636364,29.18918918918919,0.0,12.162162162162163,58.648648648648646
26,385,11,,216,8.333333333333332,0.0,0.0,91.66666666666666,29.18918918918919,0.0,12.162162162162163,58.648648648648646
27,432,11,,0,0.0,0.0,0.0,0.0,29.18918918918919,0.0,12.162162162162163,58.648648648648646
28,270,11,,145,24.13793103448276,29.655172413793103,0.6896551724137931,29.655172413793103,29.18918918918919,0.0,12.162162162162163,58.648648648648646
29,424,11,2014-11-24 14:35:00,2810,24.768683274021356,0.6761565836298933,20.2135231316726,54.34163701067616,29.18918918918919,0.0,12.162162162162163,58.648648648648646
30,439,11,2014-11-26 01:35:00,1552,36.79123711340206,0.6443298969072164,5.605670103092784,54.89690721649485,29.18918918918919,0.0,12.162162162162163,58.648648648648646
31,289,11,,0,0.0,0.0,0.0,0.0,29.18918918918919,0.0,12.162162162162163,58.648648648648646
32,197,11,2014-11-24 15:45:00,1006,37.77335984095427,3.2803180914512926,2.3856858846918487,55.96421471172962,29.18918918918919,0.0,12.162162162162163,58.648648648648646
33,42,11,,1686,28.529062870699885,0.0,5.693950177935943,65.59905100830368,29.18918918918919,0.0,12.162162162162163,58.648648648648646
34,468,11,,0,0.0,0.0,0.0,0.0,29.18918918918919,0.0,12.162162162162163,58.648648648648646
35,187,11,,648,38.117283950617285,0.0,14.04320987654321,47.53086419753087,29.18918918918919,0.0,12.162162162162163,58.648648648648646
36,23,11,,1262,7.527733755942948,2.614896988906497,31.45800316957211,46.83042789223455,29.18918918918919,0.0,12.162162162162163,58.648648648648646
37,413,11,,187,2.6737967914438503,0.0,0.0,97.32620320855617,29.18918918918919,0.0,12.162162162162163,58.648648648648646
38,101,11,,0,0.0,0.0,0.0,0.0,29.18918918918919,0.0,12.162162162162163,58.648648648648646
39,100,11,,0,0.0,0.0,0.0,0.0,29.18918918918919,0.0,12.162162162162163,58.648648648648646
40,155,11,,90,46.66666666666666,0.0,0.0,53.333333333333336,29.18918918918919,0.0,12.162162162162163,58.648648648648646
41,360,11,2014-11-26 20:30:00,108,34.25925925925926,0.0,0.0,50.0,29.18918918918919,0.0,12.162162162162163,58.648648648648646
42,55,11,2014-11-24 19:55:00,1510,13.973509933774832,0.0,0.728476821192053,85.2980132450331,29.18918918918919,0.0,12.162162162162163,58.648648648648646
43,429,11,,130,3.8461538461538463,10.0,5.384615384615385,80.76923076923077,29.18918918918919,0.0,12.162162162162163,58.648648648648646
44,347,11,,727,12.65474552957359,0.0,0.2751031636863824,87.07015130674003,29.18918918918919,0.0,12.162162162162163,58.648648648648646
45,156,11,,13,38.46153846153847,0.0,15.384615384615383,46.15384615384615,29.18918918918919,0.0,12.162162162162163,58.648648648648646
46,30,11,,0,0.0,0.0,0.0,0.0,29.18918918918919,0.0,12.162162162162163,58.648648648648646
47,224,11,2014-11-24 15:25:00,569,14.586994727592268,3.5149384885764503,0.0,70.47451669595782,29.18918918918919,0.0,12.162162162162163,58.648648648648646
48,19,11,,898,62.1380846325167,0.0,0.0,37.8619153674833,29.18918918918919,0.0,12.162162162162163,58.648648648648646
49,301,11,,731,8.618331053351573,1.231190150478796,35.841313269493845,54.17236662106704,29.18918918918919,0.0,12.162162162162163,58.648648648648646
50,437,11,2014-11-24 14:15:00,1056,61.17424242424242,0.0,0.1893939393939394,38.446969696969695,29.18918918918919,0.0,12.162162162162163,58.648648648648646
51,244,11,,178,47.752808988764045,0.5617977528089888,6.179775280898876,43.25842696629213,29.18918918918919,0.0,12.162162162162163,58.648648648648646
52,449,11,2014-11-24 16:15:00,874,4.919908466819222,0.0,0.3432494279176201,94.50800915331808,29.18918918918919,0.0,12.162162162162163,58.648648648648646
53,470,11,,488,11.475409836065571,0.0,0.0,88.52459016393442,29.18918918918919,0.0,12.162162162162163,58.648648648648646
54,305,11,2014-11-24 14:35:00,1827,40.01094690749863,0.0,0.0547345374931581,59.93431855500822,29.18918918918919,0.0,12.162162162162163,58.648648648648646
55,398,11,,680,36.76470588235294,0.0,3.088235294117647,59.85294117647059,29.18918918918919,0.0,12.162162162162163,58.648648648648646
56,147,11,,14,14.285714285714285,78.57142857142857,0.0,7.142857142857142,29.18918918918919,0.0,12.162162162162163,58.648648648648646
57,225,11,,6,0.0,0.0,0.0,100.0,29.18918918918919,0.0,12.162162162162163,58.648648648648646
58,359,11,,542,39.85239852398524,0.0,2.5830258302583027,57.38007380073801,29.18918918918919,0.0,12.162162162162163,58.648648648648646
59,188,11,,1622,52.83600493218249,0.0616522811344019,3.020961775585697,43.09494451294698,29.18918918918919,0.0,12.162162162162163,58.648648648648646
60,136,11,2014-11-24 17:40:00,4250,26.61176470588235,6.070588235294118,38.54117647058823,25.458823529411767,29.18918918918919,0.0,12.162162162162163,58.648648648648646
61,336,11,,0,0.0,0.0,0.0,0.0,29.18918918918919,0.0,12.162162162162163,58.648648648648646
62,130,11,,1686,28.706998813760386,0.1779359430604982,3.262158956109134,67.141162514828,29.18918918918919,0.0,12.162162162162163,58.648648648648646
63,60,11,2014-11-24 19:05:00,35,0.0,0.0,0.0,100.0,29.18918918918919,0.0,12.162162162162163,58.648648648648646
64,21,11,,1284,19.31464174454829,6.931464174454828,16.043613707165107,55.140186915887845,29.18918918918919,0.0,12.162162162162163,58.648648648648646
65,320,11,2014-11-24 17:20:00,105,22.857142857142858,0.0,1.9047619047619049,75.23809523809524,29.18918918918919,0.0,12.162162162162163,58.648648648648646
66,462,11,,661,4.689863842662632,10.741301059001511,18.456883509833585,49.167927382753405,29.18918918918919,0.0,12.162162162162163,58.648648648648646
67,229,11,,1894,27.19112988384372,0.1583949313621964,0.7391763463569165,71.91129883843716,29.18918918918919,0.0,12.162162162162163,58.648648648648646
68,448,11,,572,47.72727272727273,0.1748251748251748,0.0,52.09790209790209,29.18918918918919,0.0,12.162162162162163,58.648648648648646
69,375,11,,0,0.0,0.0,0.0,0.0,29.18918918918919,0.0,12.162162162162163,58.648648648648646
70,223,11,,2091,34.528933524629366,0.5260640841702534,5.308464849354376,59.20612147297943,29.18918918918919,0.0,12.162162162162163,58.648648648648646
71,234,11,,39,82.05128205128204,5.128205128205128,7.6923076923076925,5.128205128205128,29.18918918918919,0.0,12.162162162162163,58.648648648648646
72,420,11,,1569,7.966857871255577,12.492033142128744,19.50286806883365,52.96367112810707,29.18918918918919,0.0,12.162162162162163,58.648648648648646
73,206,11,,405,27.901234567901238,0.0,0.2469135802469135,71.85185185185186,29.18918918918919,0.0,12.162162162162163,58.648648648648646
74,116,11,2014-11-24 15:40:00,1380,51.30434782608696,0.7246376811594203,8.623188405797102,37.2463768115942,29.18918918918919,0.0,12.162162162162163,58.648648648648646
75,240,11,,68,19.11764705882353,0.0,1.4705882352941175,79.41176470588235,29.18918918918919,0.0,12.162162162162163,58.648648648648646
76,408,11,,525,40.38095238095238,3.428571428571429,0.0,54.47619047619048,29.18918918918919,0.0,12.162162162162163,58.648648648648646
77,95,11,,0,0.0,0.0,0.0,0.0,29.18918918918919,0.0,12.162162162162163,58.648648648648646
78,6,11,,300,1.6666666666666667,0.0,0.3333333333333333,98.0,29.18918918918919,0.0,12.162162162162163,58.648648648648646
79,236,11,,910,61.31868131868132,0.0,0.2197802197802197,38.46153846153847,29.18918918918919,0.0,12.162162162162163,58.648648648648646
80,140,11,,598,43.64548494983278,5.518394648829431,0.0,50.836120401337794,29.18918918918919,0.0,12.162162162162163,58.648648648648646
81,215,11,,0,0.0,0.0,0.0,0.0,29.18918918918919,0.0,12.162162162162163,58.648648648648646
82,49,11,2014-11-24 14:50:00,1782,11.952861952861952,4.938271604938271,8.080808080808081,60.1010101010101,29.18918918918919,0.0,12.162162162162163,58.648648648648646
83,11,11,,981,57.798165137614674,0.7135575942915392,3.26197757390418,34.5565749235474,29.18918918918919,0.0,12.162162162162163,58.648648648648646
84,111,11,2014-11-24 14:10:00,1012,18.873517786561266,0.691699604743083,3.260869565217391,77.17391304347827,29.18918918918919,0.0,12.162162162162163,58.648648648648646
85,122,11,,0,0.0,0.0,0.0,0.0,29.18918918918919,0.0,12.162162162162163,58.648648648648646
86,51,11,,562,21.88612099644128,0.0,0.3558718861209964,77.75800711743773,29.18918918918919,0.0,12.162162162162163,58.648648648648646
87,456,11,,0,0.0,0.0,0.0,0.0,29.18918918918919,0.0,12.162162162162163,58.648648648648646
88,63,11,,2329,17.561185057964792,6.39759553456419,11.206526406182912,56.71962215543152,29.18918918918919,0.0,12.162162162162163,58.648648648648646
89,490,11,,0,0.0,0.0,0.0,0.0,29.18918918918919,0.0,12.162162162162163,58.648648648648646
90,346,11,,212,44.33962264150944,0.0,0.0,55.66037735849056,29.18918918918919,0.0,12.162162162162163,58.648648648648646
91,407,11,,343,21.57434402332361,0.2915451895043732,2.0408163265306123,76.0932944606414,29.18918918918919,0.0,12.162162162162163,58.648648648648646
92,419,11,,0,0.0,0.0,0.0,0.0,29.18918918918919,0.0,12.162162162162163,58.648648648648646
93,194,11,,0,0.0,0.0,0.0,0.0,29.18918918918919,0.0,12.162162162162163,58.648648648648646
94,403,11,2014-11-24 14:55:00,1523,37.163493105712405,0.5252790544977018,3.6769533814839135,58.30597504924491,29.18918918918919,0.0,12.162162162162163,58.648648648648646
95,457,11,2014-11-24 16:15:00,2073,31.83791606367583,0.3859141341051616,4.341534008683068,62.22865412445731,29.18918918918919,0.0,12.162162162162163,58.648648648648646
96,165,11,,660,26.060606060606062,0.0,5.151515151515151,68.78787878787878,29.18918918918919,0.0,12.162162162162163,58.648648648648646
97,268,11,,122,36.885245901639344,0.0,0.819672131147541,59.01639344262295,29.18918918918919,0.0,12.162162162162163,58.648648648648646
98,41,11,2014-11-24 16:05:00,339,26.548672566371685,0.0,10.029498525073748,51.91740412979351,29.18918918918919,0.0,12.162162162162163,58.648648648648646
99,90,11,,0,0.0,0.0,0.0,0.0,29.18918918918919,0.0,12.162162162162163,58.648648648648646
100,71,11,2014-11-24 14:10:00,1591,38.02639849151477,0.4399748585795097,0.1257071024512885,61.15650534255186,29.18918918918919,0.0,12.162162162162163,58.648648648648646
101,96,11,,361,0.2770083102493075,0.0,0.0,99.7229916897507,29.18918918918919,0.0,12.162162162162163,58.648648648648646
102,40,11,,27,100.0,0.0,0.0,0.0,29.18918918918919,0.0,12.162162162162163,58.648648648648646
103,208,11,,6,0.0,0.0,33.33333333333333,66.66666666666666,29.18918918918919,0.0,12.162162162162163,58.648648648648646
104,322,11,,1657,0.1207000603500301,0.0,0.0,99.87929993964995,29.18918918918919,0.0,12.162162162162163,58.648648648648646
105,102,11,2014-11-25 16:55:00,56,35.714285714285715,0.0,44.642857142857146,19.642857142857142,29.18918918918919,0.0,12.162162162162163,58.648648648648646
106,74,11,,0,0.0,0.0,0.0,0.0,29.18918918918919,0.0,12.162162162162163,58.648648648648646
107,175,11,,1308,17.584097859327215,9.48012232415902,6.498470948012232,49.54128440366973,29.18918918918919,0.0,12.162162162162163,58.648648648648646
108,239,11,,1483,57.720836142953466,0.6068779501011463,8.698583951449763,31.28792987188132,29.18918918918919,0.0,12.162162162162163,58.648648648648646
109,126,11,,109,20.18348623853211,0.0,0.0,77.98165137614679,29.18918918918919,0.0,12.162162162162163,58.648648648648646
110,484,11,2014-11-24 14:10:00,20,0.0,0.0,0.0,100.0,29.18918918918919,0.0,12.162162162162163,58.648648648648646
111,170,11,,1090,39.357798165137616,0.0,2.568807339449541,57.52293577981651,29.18918918918919,0.0,12.162162162162163,58.648648648648646
112,492,11,2014-11-24 14:10:00,1930,35.18134715025907,0.0,0.1036269430051813,64.71502590673575,29.18918918918919,0.0,12.162162162162163,58.648648648648646
113,313,11,2014-11-24 14:05:00,529,50.2835538752363,0.1890359168241966,4.914933837429111,43.10018903591683,29.18918918918919,0.0,12.162162162162163,58.648648648648646
114,241,11,,686,12.244897959183673,0.1457725947521866,1.020408163265306,86.58892128279884,29.18918918918919,0.0,12.162162162162163,58.648648648648646
115,459,11,,1080,1.7592592592592593,0.0,0.0,98.24074074074072,29.18918918918919,0.0,12.162162162162163,58.648648648648646
116,171,11,,247,29.959514170040485,0.0,0.0,70.04048582995951,29.18918918918919,0.0,12.162162162162163,58.648648648648646
117,370,11,,1067,32.146204311152765,0.0,2.343017806935333,65.32333645735707,29.18918918918919,0.0,12.162162162162163,58.648648648648646
118,125,11,,496,0.8064516129032258,0.0,0.0,99.19354838709675,29.18918918918919,0.0,12.162162162162163,58.648648648648646
119,310,11,,1372,10.349854227405247,2.696793002915452,43.29446064139942,35.56851311953353,29.18918918918919,0.0,12.162162162162163,58.648648648648646
120,387,11,,8,37.5,0.0,0.0,62.5,29.18918918918919,0.0,12.162162162162163,58.648648648648646
121,444,11,,913,54.43592552026287,0.1095290251916757,1.4238773274917853,43.373493975903614,29.18918918918919,0.0,12.162162162162163,58.648648648648646
122,254,11,,0,0.0,0.0,0.0,0.0,29.18918918918919,0.0,12.162162162162163,58.648648648648646
123,1,11,2014-11-25 18:00:00,29,6.896551724137931,0.0,3.4482758620689653,89.65517241379311,29.18918918918919,0.0,12.162162162162163,58.648648648648646
124,138,11,,782,28.38874680306905,4.092071611253197,4.219948849104859,57.416879795396426,29.18918918918919,0.0,12.162162162162163,58.648648648648646
125,423,11,,0,0.0,0.0,0.0,0.0,29.18918918918919,0.0,12.162162162162163,58.648648648648646
126,318,11,2014-11-24 14:15:00,1181,24.89415749364945,0.2540220152413209,0.6773920406435224,73.49703640982219,29.18918918918919,0.0,12.162162162162163,58.648648648648646
127,365,11,,971,19.567456230690013,10.092687950566424,3.810504634397528,54.17095777548918,29.18918918918919,0.0,12.162162162162163,58.648648648648646
128,18,11,2014-11-24 14:15:00,1146,51.91972076788831,0.8726003490401396,2.966841186736475,43.97905759162304,29.18918918918919,0.0,12.162162162162163,58.648648648648646
129,411,11,,393,7.633587786259542,3.307888040712468,0.0,88.80407124681933,29.18918918918919,0.0,12.162162162162163,58.648648648648646
130,489,11,,2775,31.0990990990991,2.4864864864864864,9.36936936936937,55.67567567567567,29.18918918918919,0.0,12.162162162162163,58.648648648648646
131,164,11,2014-11-27 18:45:00,787,36.21346886912325,4.701397712833545,9.275730622617536,45.48919949174079,29.18918918918919,0.0,12.162162162162163,58.648648648648646
132,89,11,2014-11-24 15:50:00,823,4.374240583232078,1.9441069258809236,1.2150668286755772,91.85905224787363,29.18918918918919,0.0,12.162162162162163,58.648648648648646
133,114,11,,0,0.0,0.0,0.0,0.0,29.18918918918919,0.0,12.162162162162163,58.648648648648646
134,186,11,,2391,72.81472187369302,0.0,1.8402342116269343,25.345043914680048,29.18918918918919,0.0,12.162162162162163,58.648648648648646
135,458,11,2014-11-24 14:15:00,3380,43.25443786982249,0.4733727810650888,0.591715976331361,55.325443786982255,29.18918918918919,0.0,12.162162162162163,58.648648648648646
136,181,11,,71,19.718309859154928,0.0,0.0,64.7887323943662,29.18918918918919,0.0,12.162162162162163,58.648648648648646
137,450,11,,0,0.0,0.0,0.0,0.0,29.18918918918919,0.0,12.162162162162163,58.648648648648646
138,266,11,,392,13.010204081632654,0.0,0.0,86.98979591836735,29.18918918918919,0.0,12.162162162162163,58.648648648648646
139,471,11,,1825,21.42465753424657,4.383561643835616,24.273972602739725,48.05479452054794,29.18918918918919,0.0,12.162162162162163,58.648648648648646
140,157,11,2014-11-24 15:45:00,656,23.932926829268293,1.524390243902439,0.3048780487804878,72.2560975609756,29.18918918918919,0.0,12.162162162162163,58.648648648648646
141,68,11,,0,0.0,0.0,0.0,0.0,29.18918918918919,0.0,12.162162162162163,58.648648648648646
142,295,11,,465,36.98924731182795,3.655913978494624,10.53763440860215,48.17204301075269,29.18918918918919,0.0,12.162162162162163,58.648648648648646
143,76,11,2014-11-26 15:10:00,1273,30.950510604870384,3.927729772191673,5.655930871956009,54.35978004713276,29.18918918918919,0.0,12.162162162162163,58.648648648648646
144,106,11,,566,22.791519434628977,0.0,0.0,77.20848056537103,29.18918918918919,0.0,12.162162162162163,58.648648648648646
145,146,11,,0,0.0,0.0,0.0,0.0,29.18918918918919,0.0,12.162162162162163,58.648648648648646
146,400,11,2014-11-24 16:00:00,208,32.21153846153847,5.769230769230769,3.8461538461538463,57.21153846153846,29.18918918918919,0.0,12.162162162162163,58.648648648648646
147,294,11,,1206,46.84908789386401,0.0,0.0,53.15091210613598,29.18918918918919,0.0,12.162162162162163,58.648648648648646
148,303,11,,969,50.77399380804953,0.6191950464396285,8.978328173374612,38.28689370485037,29.18918918918919,0.0,12.162162162162163,58.648648648648646
149,361,11,,1331,34.03456048084148,0.1502629601803155,1.2021036814425246,64.61307287753569,29.18918918918919,0.0,12.162162162162163,58.648648648648646
150,374,11,,498,32.93172690763052,3.413654618473896,21.084337349397597,39.75903614457831,29.18918918918919,0.0,12.162162162162163,58.648648648648646
151,202,11,,0,0.0,0.0,0.0,0.0,29.18918918918919,0.0,12.162162162162163,58.648648648648646
152,149,11,,461,24.295010845986983,0.0,0.0,75.70498915401302,29.18918918918919,0.0,12.162162162162163,58.648648648648646
153,265,11,2014-11-24 15:40:00,560,27.500000000000004,0.0,15.357142857142858,56.96428571428571,29.18918918918919,0.0,12.162162162162163,58.648648648648646
154,123,11,,0,0.0,0.0,0.0,0.0,29.18918918918919,0.0,12.162162162162163,58.648648648648646
155,428,11,,617,30.79416531604538,2.4311183144246358,4.538087520259319,56.72609400324149,29.18918918918919,0.0,12.162162162162163,58.648648648648646
156,59,11,,868,58.75576036866359,1.7281105990783412,7.027649769585254,32.142857142857146,29.18918918918919,0.0,12.162162162162163,58.648648648648646
157,131,11,,996,47.389558232931726,4.216867469879518,9.437751004016064,26.80722891566265,29.18918918918919,0.0,12.162162162162163,58.648648648648646
158,415,11,,267,28.83895131086142,0.0,5.617977528089887,65.54307116104869,29.18918918918919,0.0,12.162162162162163,58.648648648648646
159,222,11,,1140,9.035087719298248,1.1403508771929824,2.1052631578947367,79.03508771929825,29.18918918918919,0.0,12.162162162162163,58.648648648648646
160,62,11,,0,0.0,0.0,0.0,0.0,29.18918918918919,0.0,12.162162162162163,58.648648648648646
161,179,11,,3933,24.129163488431224,4.017289600813628,33.05364861428935,33.25705568268497,29.18918918918919,0.0,12.162162162162163,58.648648648648646
162,201,11,2014-11-24 19:00:00,1452,40.082644628099175,2.5482093663911844,6.955922865013774,49.51790633608815,29.18918918918919,0.0,12.162162162162163,58.648648648648646
163,373,11,2014-11-26 14:30:00,850,63.294117647058826,0.0,0.3529411764705882,36.35294117647059,29.18918918918919,0.0,12.162162162162163,58.648648648648646
164,28,11,,1221,46.43734643734644,0.4914004914004914,4.995904995904995,46.43734643734644,29.18918918918919,0.0,12.162162162162163,58.648648648648646
165,85,11,,646,37.461300309597526,0.0,0.0,62.53869969040248,29.18918918918919,0.0,12.162162162162163,58.648648648648646
166,160,11,,1629,33.88581952117864,1.5346838551258442,7.305095150399017,56.96746470227133,29.18918918918919,0.0,12.162162162162163,58.648648648648646
167,356,11,2014-11-24 14:10:00,1199,14.929107589658049,0.1668056713928273,0.8340283569641368,83.98665554628857,29.18918918918919,0.0,12.162162162162163,58.648648648648646
168,475,11,,1442,44.03606102635229,5.6865464632454925,33.70319001386963,14.979195561719832,29.18918918918919,0.0,12.162162162162163,58.648648648648646
169,84,11,,169,40.82840236686391,0.0,0.0,59.171597633136095,29.18918918918919,0.0,12.162162162162163,58.648648648648646
170,141,11,,481,41.78794178794179,6.237006237006238,19.95841995841996,32.016632016632016,29.18918918918919,0.0,12.162162162162163,58.648648648648646
171,184,11,,2576,37.88819875776397,2.9114906832298137,6.25,52.13509316770186,29.18918918918919,0.0,12.162162162162163,58.648648648648646
172,81,11,2014-11-24 14:50:00,540,52.77777777777778,4.25925925925926,4.62962962962963,37.96296296296296,29.18918918918919,0.0,12.162162162162163,58.648648648648646
173,371,11,,0,0.0,0.0,0.0,0.0,29.18918918918919,0.0,12.162162162162163,58.648648648648646
174,233,11,,1118,39.44543828264758,0.0,5.366726296958855,55.00894454382826,29.18918918918919,0.0,12.162162162162163,58.648648648648646
175,58,11,,555,21.44144144144144,0.0,0.0,78.55855855855856,29.18918918918919,0.0,12.162162162162163,58.648648648648646
176,392,11,,1107,13.821138211382117,4.787714543812105,20.86720867208672,45.799457994579946,29.18918918918919,0.0,12.162162162162163,58.648648648648646
177,161,11,,286,40.55944055944056,0.0,0.6993006993006993,58.39160839160839,29.18918918918919,0.0,12.162162162162163,58.648648648648646
178,77,11,,24,58.333333333333336,0.0,0.0,41.66666666666667,29.18918918918919,0.0,12.162162162162163,58.648648648648646
179,399,11,,664,11.295180722891567,0.0,0.3012048192771084,88.40361445783132,29.18918918918919,0.0,12.162162162162163,58.648648648648646
180,251,11,,412,14.07766990291262,0.0,0.0,78.39805825242718,29.18918918918919,0.0,12.162162162162163,58.648648648648646
181,319,11,,22,0.0,0.0,0.0,100.0,29.18918918918919,0.0,12.162162162162163,58.648648648648646
182,252,11,2014-11-25 12:40:00,159,43.39622641509434,0.0,30.81761006289308,24.52830188679245,29.18918918918919,0.0,12.162162162162163,58.648648648648646
183,339,11,,1072,56.52985074626866,0.6529850746268656,4.664179104477612,37.77985074626866,29.18918918918919,0.0,12.162162162162163,58.648648648648646
184,366,11,,563,36.76731793960924,3.374777975133215,0.5328596802841918,59.14742451154529,29.18918918918919,0.0,12.162162162162163,58.648648648648646
185,69,11,2014-11-24 18:40:00,1078,51.39146567717996,0.3710575139146568,12.615955473098332,32.18923933209648,29.18918918918919,0.0,12.162162162162163,58.648648648648646
186,216,11,,324,37.65432098765432,8.641975308641975,4.012345679012346,33.33333333333333,29.18918918918919,0.0,12.162162162162163,58.648648648648646
187,493,11,2014-11-24 14:15:00,2032,44.34055118110236,0.7381889763779528,0.1476377952755905,54.57677165354331,29.18918918918919,0.0,12.162162162162163,58.648648648648646
188,298,11,2014-11-24 22:55:00,894,13.31096196868009,0.0,3.131991051454139,83.55704697986577,29.18918918918919,0.0,12.162162162162163,58.648648648648646
189,132,11,2014-11-25 01:50:00,342,20.175438596491222,0.0,14.327485380116958,65.49707602339181,29.18918918918919,0.0,12.162162162162163,58.648648648648646
190,44,11,,548,43.79562043795621,0.364963503649635,18.248175182481752,37.591240875912405,29.18918918918919,0.0,12.162162162162163,58.648648648648646
191,259,11,,1975,47.74683544303798,3.3417721518987342,13.569620253164558,33.72151898734177,29.18918918918919,0.0,12.162162162162163,58.648648648648646
192,163,11,,0,0.0,0.0,0.0,0.0,29.18918918918919,0.0,12.162162162162163,58.648648648648646
193,405,11,2014-11-26 22:25:00,152,67.76315789473685,0.0,0.6578947368421052,31.57894736842105,29.18918918918919,0.0,12.162162162162163,58.648648648648646
194,412,11,,1375,25.236363636363635,0.1454545454545454,9.454545454545457,64.65454545454546,29.18918918918919,0.0,12.162162162162163,58.648648648648646
195,258,11,,1063,33.11382878645344,1.2229539040451554,0.0940733772342427,62.46472248353716,29.18918918918919,0.0,12.162162162162163,58.648648648648646
196,232,11,,39,17.94871794871795,0.0,2.564102564102564,56.41025641025641,29.18918918918919,0.0,12.162162162162163,58.648648648648646
197,12,11,,711,32.63009845288326,1.5471167369901548,4.781997187060478,61.04078762306611,29.18918918918919,0.0,12.162162162162163,58.648648648648646
198,54,11,,41,0.0,0.0,7.317073170731707,92.6829268292683,29.18918918918919,0.0,12.162162162162163,58.648648648648646
199,383,11,,636,35.37735849056604,0.0,1.10062893081761,63.36477987421384,29.18918918918919,0.0,12.162162162162163,58.648648648648646
200,43,11,,1399,37.598284488920655,9.077912794853466,4.217298070050036,45.5325232308792,29.18918918918919,0.0,12.162162162162163,58.648648648648646
201,391,11,,364,10.164835164835164,0.2747252747252747,0.8241758241758242,87.36263736263736,29.18918918918919,0.0,12.162162162162163,58.648648648648646
202,245,11,,242,74.3801652892562,0.0,0.0,25.6198347107438,29.18918918918919,0.0,12.162162162162163,58.648648648648646
203,296,11,,1811,74.0474875759249,0.1656543346217559,1.7669795692987302,24.01987852015461,29.18918918918919,0.0,12.162162162162163,58.648648648648646
204,417,11,,1119,38.7846291331546,2.8596961572832886,18.588025022341377,34.04825737265416,29.18918918918919,0.0,12.162162162162163,58.648648648648646
205,442,11,,95,30.526315789473685,0.0,0.0,69.47368421052632,29.18918918918919,0.0,12.162162162162163,58.648648648648646
206,66,11,2014-11-25 05:15:00,1407,39.30348258706468,0.355366027007818,3.1272210376687988,57.00071073205402,29.18918918918919,0.0,12.162162162162163,58.648648648648646
207,401,11,2014-11-26 03:20:00,2108,45.77798861480076,0.8538899430740038,0.8064516129032258,52.371916508538895,29.18918918918919,0.0,12.162162162162163,58.648648648648646
208,110,11,,262,4.198473282442748,0.7633587786259541,2.6717557251908395,92.36641221374046,29.18918918918919,0.0,12.162162162162163,58.648648648648646
209,264,11,,877,21.20866590649943,5.359179019384264,8.551881413911062,64.76624857468643,29.18918918918919,0.0,12.162162162162163,58.648648648648646
210,150,11,,2027,17.661568820917612,4.341391218549581,9.32412432165762,56.24074987666502,29.18918918918919,0.0,12.162162162162163,58.648648648648646
211,35,11,2014-11-26 14:35:00,845,12.544378698224854,0.0,0.0,87.33727810650888,29.18918918918919,0.0,12.162162162162163,58.648648648648646
212,15,11,,228,18.421052631578945,0.4385964912280701,0.4385964912280701,78.50877192982456,29.18918918918919,0.0,12.162162162162163,58.648648648648646
213,190,11,,505,5.742574257425743,0.0,0.0,94.25742574257426,29.18918918918919,0.0,12.162162162162163,58.648648648648646
214,75,11,,0,0.0,0.0,0.0,0.0,29.18918918918919,0.0,12.162162162162163,58.648648648648646
215,228,11,,1478,30.717185385656293,0.06765899864682,0.5412719891745602,68.67388362652233,29.18918918918919,0.0,12.162162162162163,58.648648648648646
216,364,11,,1982,43.4409687184662,0.554994954591322,0.3531786074672048,55.247225025227046,29.18918918918919,0.0,12.162162162162163,58.648648648648646
217,381,11,,1,0.0,0.0,0.0,100.0,29.18918918918919,0.0,12.162162162162163,58.648648648648646
218,65,11,2014-11-25 13:25:00,0,0.0,0.0,0.0,0.0,29.18918918918919,0.0,12.162162162162163,58.648648648648646
219,358,11,2014-11-26 14:10:00,215,29.76744186046512,0.0,18.13953488372093,42.32558139534884,29.18918918918919,0.0,12.162162162162163,58.648648648648646
220,250,11,,1029,52.57531584062196,0.0,0.0,47.42468415937804,29.18918918918919,0.0,12.162162162162163,58.648648648648646
221,203,11,2014-11-24 14:30:00,117,12.82051282051282,0.8547008547008548,0.8547008547008548,85.47008547008546,29.18918918918919,0.0,12.162162162162163,58.648648648648646
222,275,11,,178,3.932584269662921,0.0,0.0,96.06741573033707,29.18918918918919,0.0,12.162162162162163,58.648648648648646
223,291,11,,172,27.906976744186046,6.395348837209303,4.069767441860465,43.604651162790695,29.18918918918919,0.0,12.162162162162163,58.648648648648646
224,57,11,,1667,43.13137372525495,0.0,0.05998800239952,56.80863827234553,29.18918918918919,0.0,12.162162162162163,58.648648648648646
225,430,11,,245,23.26530612244898,0.0,8.979591836734693,67.75510204081633,29.18918918918919,0.0,12.162162162162163,58.648648648648646
226,144,11,,431,59.39675174013921,0.0,8.816705336426914,31.786542923433878,29.18918918918919,0.0,12.162162162162163,58.648648648648646
227,354,11,,1006,34.1948310139165,0.0,0.0,65.8051689860835,29.18918918918919,0.0,12.162162162162163,58.648648648648646
228,80,11,,788,38.83248730964467,0.3807106598984772,0.0,60.786802030456855,29.18918918918919,0.0,12.162162162162163,58.648648648648646
229,2,11,,280,33.214285714285715,7.142857142857142,1.4285714285714286,55.35714285714286,29.18918918918919,0.0,12.162162162162163,58.648648648648646
230,384,11,,41,2.4390243902439024,0.0,0.0,97.5609756097561,29.18918918918919,0.0,12.162162162162163,58.648648648648646
231,433,11,,14,7.142857142857142,0.0,0.0,92.85714285714286,29.18918918918919,0.0,12.162162162162163,58.648648648648646
232,3,11,2014-11-24 15:35:00,1516,45.91029023746702,0.0659630606860158,3.430079155672823,50.065963060686016,29.18918918918919,0.0,12.162162162162163,58.648648648648646
233,70,11,2014-11-24 17:10:00,288,14.583333333333334,0.0,0.3472222222222222,84.72222222222221,29.18918918918919,0.0,12.162162162162163,58.648648648648646
234,304,11,,0,0.0,0.0,0.0,0.0,29.18918918918919,0.0,12.162162162162163,58.648648648648646
235,204,11,,28,92.85714285714286,0.0,0.0,7.142857142857142,29.18918918918919,0.0,12.162162162162163,58.648648648648646
236,478,11,,2214,16.757000903342366,9.98193315266486,8.175248419150858,55.8717253839205,29.18918918918919,0.0,12.162162162162163,58.648648648648646
237,376,11,,274,1.824817518248175,0.0,0.0,98.17518248175182,29.18918918918919,0.0,12.162162162162163,58.648648648648646
238,427,11,,72,19.444444444444446,1.3888888888888888,0.0,79.16666666666666,29.18918918918919,0.0,12.162162162162163,58.648648648648646
239,290,11,,246,38.21138211382114,0.0,3.658536585365853,58.13008130081301,29.18918918918919,0.0,12.162162162162163,58.648648648648646
240,461,11,2014-11-24 18:10:00,230,10.434782608695652,8.26086956521739,1.3043478260869563,79.56521739130434,29.18918918918919,0.0,12.162162162162163,58.648648648648646
241,435,11,,1,0.0,0.0,0.0,100.0,29.18918918918919,0.0,12.162162162162163,58.648648648648646
242,285,11,,0,0.0,0.0,0.0,0.0,29.18918918918919,0.0,12.162162162162163,58.648648648648646
243,353,11,,1011,35.70722057368942,1.483679525222552,0.0,61.52324431256182,29.18918918918919,0.0,12.162162162162163,58.648648648648646
244,237,11,,1456,26.442307692307693,0.0,9.752747252747254,63.73626373626373,29.18918918918919,0.0,12.162162162162163,58.648648648648646
245,127,11,2014-11-27 16:20:00,574,22.125435540069684,0.5226480836236934,0.3484320557491289,76.82926829268293,29.18918918918919,0.0,12.162162162162163,58.648648648648646
246,50,11,,1043,0.0,0.0,0.0,100.0,29.18918918918919,0.0,12.162162162162163,58.648648648648646
247,283,11,,1256,8.837579617834395,0.2388535031847133,1.4331210191082804,89.49044585987261,29.18918918918919,0.0,12.162162162162163,58.648648648648646
248,261,11,2014-11-25 03:10:00,1929,56.92068429237948,0.1036806635562467,2.488335925349922,37.32503888024883,29.18918918918919,0.0,12.162162162162163,58.648648648648646
249,451,11,,1110,20.45045045045045,0.6306306306306306,2.8828828828828827,76.03603603603604,29.18918918918919,0.0,12.162162162162163,58.648648648648646
250,48,11,,0,0.0,0.0,0.0,0.0,29.18918918918919,0.0,12.162162162162163,58.648648648648646
251,486,11,2014-11-24 14:15:00,1634,27.723378212974296,0.0,7.037943696450428,61.99510403916769,29.18918918918919,0.0,12.162162162162163,58.648648648648646
252,38,11,2014-11-24 16:05:00,415,61.9277108433735,3.3734939759036147,1.9277108433734944,32.7710843373494,29.18918918918919,0.0,12.162162162162163,58.648648648648646
253,260,11,,4029,42.0451724993795,4.864730702407545,20.029784065524943,30.05708612558948,29.18918918918919,0.0,12.162162162162163,58.648648648648646
254,345,11,2014-11-24 14:10:00,1162,4.561101549053356,0.0,1.6351118760757315,93.80378657487093,29.18918918918919,0.0,12.162162162162163,58.648648648648646
255,443,11,,375,23.200000000000003,0.2666666666666666,1.0666666666666669,75.46666666666667,29.18918918918919,0.0,12.162162162162163,58.648648648648646
256,10,11,,884,82.01357466063348,0.0,0.0,17.986425339366516,29.18918918918919,0.0,12.162162162162163,58.648648648648646
257,159,11,2014-11-24 17:00:00,308,41.55844155844156,0.0,9.415584415584416,48.701298701298704,29.18918918918919,0.0,12.162162162162163,58.648648648648646
258,180,11,2014-11-24 21:30:00,601,19.13477537437604,0.9983361064891848,3.1613976705490847,76.70549084858568,29.18918918918919,0.0,12.162162162162163,58.648648648648646
259,247,11,2014-11-24 14:25:00,1911,40.08372579801151,4.709576138147567,14.1287284144427,39.66509680795395,29.18918918918919,0.0,12.162162162162163,58.648648648648646
260,24,11,,432,25.694444444444443,0.0,0.0,74.30555555555556,29.18918918918919,0.0,12.162162162162163,58.648648648648646
261,118,11,2014-11-24 15:05:00,798,11.528822055137844,0.2506265664160401,1.7543859649122806,85.08771929824562,29.18918918918919,0.0,12.162162162162163,58.648648648648646
262,133,11,,0,0.0,0.0,0.0,0.0,29.18918918918919,0.0,12.162162162162163,58.648648648648646
263,207,11,,1803,33.49972268441486,6.211869107043816,13.533000554631167,39.32334997226844,29.18918918918919,0.0,12.162162162162163,58.648648648648646
264,124,11,,462,14.06926406926407,0.0,5.411255411255411,80.08658008658008,29.18918918918919,0.0,12.162162162162163,58.648648648648646
265,386,11,2014-11-25 11:35:00,694,27.80979827089337,0.0,3.746397694524496,68.44380403458213,29.18918918918919,0.0,12.162162162162163,58.648648648648646
266,166,11,2014-11-24 15:45:00,401,47.13216957605985,0.997506234413965,3.491271820448877,48.37905236907731,29.18918918918919,0.0,12.162162162162163,58.648648648648646
267,379,11,,740,79.5945945945946,0.0,0.0,20.405405405405403,29.18918918918919,0.0,12.162162162162163,58.648648648648646
268,178,11,,706,0.28328611898017,0.0,0.141643059490085,99.57507082152976,29.18918918918919,0.0,12.162162162162163,58.648648648648646
269,477,11,,2375,46.48421052631579,0.0,0.0842105263157894,53.43157894736842,29.18918918918919,0.0,12.162162162162163,58.648648648648646
270,394,11,,312,6.089743589743589,0.0,0.3205128205128205,93.5897435897436,29.18918918918919,0.0,12.162162162162163,58.648648648648646
271,219,11,2014-11-24 14:10:00,1667,44.63107378524296,0.0,0.599880023995201,54.76904619076185,29.18918918918919,0.0,12.162162162162163,58.648648648648646
272,8,11,,452,49.7787610619469,4.424778761061947,0.2212389380530973,43.584070796460175,29.18918918918919,0.0,12.162162162162163,58.648648648648646
273,246,11,2014-11-24 14:35:00,2193,33.78932968536252,0.1367989056087551,2.7359781121751023,63.29229366165071,29.18918918918919,0.0,12.162162162162163,58.648648648648646
274,272,11,,0,0.0,0.0,0.0,0.0,29.18918918918919,0.0,12.162162162162163,58.648648648648646
275,162,11,2014-11-28 14:15:00,445,8.764044943820224,0.0,0.6741573033707865,90.3370786516854,29.18918918918919,0.0,12.162162162162163,58.648648648648646
276,248,11,2014-11-24 14:55:00,254,24.40944881889764,6.692913385826772,12.598425196850393,51.181102362204726,29.18918918918919,0.0,12.162162162162163,58.648648648648646
277,83,11,,305,15.737704918032788,0.0,20.983606557377048,63.278688524590166,29.18918918918919,0.0,12.162162162162163,58.648648648648646
278,409,11,2014-11-24 18:20:00,958,22.964509394572023,2.400835073068893,0.7306889352818371,73.90396659707724,29.18918918918919,0.0,12.162162162162163,58.648648648648646
279,4,11,,387,32.81653746770026,0.2583979328165375,3.617571059431525,63.30749354005169,29.18918918918919,0.0,12.162162162162163,58.648648648648646
280,119,11,2014-11-24 14:15:00,760,25.13157894736842,0.0,7.105263157894736,67.76315789473685,29.18918918918919,0.0,12.162162162162163,58.648648648648646
281,151,11,,1634,25.03059975520196,0.244798041615667,13.83108935128519,59.42472460220319,29.18918918918919,0.0,12.162162162162163,58.648648648648646
282,340,11,,0,0.0,0.0,0.0,0.0,29.18918918918919,0.0,12.162162162162163,58.648648648648646
283,416,11,,98,27.55102040816326,0.0,25.51020408163265,46.93877551020408,29.18918918918919,0.0,12.162162162162163,58.648648648648646
284,453,11,,940,12.02127659574468,0.0,1.1702127659574468,86.80851063829788,29.18918918918919,0.0,12.162162162162163,58.648648648648646
285,52,11,2014-11-24 14:10:00,269,0.3717472118959107,10.037174721189592,0.0,82.8996282527881,29.18918918918919,0.0,12.162162162162163,58.648648648648646
286,142,11,,521,29.75047984644913,2.687140115163148,2.3032629558541267,61.61228406909789,29.18918918918919,0.0,12.162162162162163,58.648648648648646
287,286,11,2014-11-24 14:30:00,3658,36.79606342263532,1.5035538545653362,13.067249863313284,48.08638600328048,29.18918918918919,0.0,12.162162162162163,58.648648648648646
288,33,11,,2016,32.49007936507937,7.0436507936507935,17.16269841269841,35.267857142857146,29.18918918918919,0.0,12.162162162162163,58.648648648648646
289,309,11,,884,48.07692307692308,2.48868778280543,2.1493212669683257,47.28506787330316,29.18918918918919,0.0,12.162162162162163,58.648648648648646
290,191,11,2014-11-24 14:10:00,1044,31.13026819923372,2.10727969348659,0.0,64.46360153256705,29.18918918918919,0.0,12.162162162162163,58.648648648648646
291,314,11,2014-11-24 14:10:00,946,28.541226215644823,0.2114164904862579,3.488372093023256,64.58773784355179,29.18918918918919,0.0,12.162162162162163,58.648648648648646
292,13,11,2014-11-24 15:10:00,1286,33.20373250388802,1.166407465007776,26.98289269051322,34.21461897356143,29.18918918918919,0.0,12.162162162162163,58.648648648648646
293,249,11,,221,33.93665158371041,0.0,3.619909502262444,62.44343891402715,29.18918918918919,0.0,12.162162162162163,58.648648648648646
294,121,11,,202,42.57425742574257,2.4752475247524752,21.287128712871286,33.663366336633665,29.18918918918919,0.0,12.162162162162163,58.648648648648646
295,343,11,,2194,22.19690063810392,8.158614402917047,46.26253418413856,19.78122151321787,29.18918918918919,0.0,12.162162162162163,58.648648648648646
296,36,11,,825,35.27272727272727,3.757575757575757,3.272727272727273,50.06060606060606,29.18918918918919,0.0,12.162162162162163,58.648648648648646
297,218,11,,1264,27.13607594936709,0.1582278481012658,13.132911392405065,55.69620253164557,29.18918918918919,0.0,12.162162162162163,58.648648648648646
298,16,11,2014-11-24 14:45:00,1957,52.12059274399591,4.1389882473173225,8.891159938681655,31.732243229432804,29.18918918918919,0.0,12.162162162162163,58.648648648648646
299,209,11,,1494,44.37751004016064,1.07095046854083,3.748326639892905,49.531459170013385,29.18918918918919,0.0,12.162162162162163,58.648648648648646
300,93,11,,432,17.824074074074073,0.4629629629629629,7.87037037037037,73.8425925925926,29.18918918918919,0.0,12.162162162162163,58.648648648648646
301,389,11,,2213,46.814279258924536,0.0,0.0,53.18572074107546,29.18918918918919,0.0,12.162162162162163,58.648648648648646
302,431,11,,195,0.0,0.0,1.5384615384615383,98.46153846153848,29.18918918918919,0.0,12.162162162162163,58.648648648648646
303,73,11,,12,41.66666666666667,0.0,0.0,58.333333333333336,29.18918918918919,0.0,12.162162162162163,58.648648648648646
304,278,11,2014-11-24 17:05:00,954,52.93501048218029,4.5073375262054505,8.385744234800839,33.123689727463315,29.18918918918919,0.0,12.162162162162163,58.648648648648646
305,329,11,,270,27.40740740740741,0.0,0.0,72.5925925925926,29.18918918918919,0.0,12.162162162162163,58.648648648648646
306,91,11,2014-11-26 00:35:00,476,28.15126050420168,0.0,15.126050420168069,56.72268907563025,29.18918918918919,0.0,12.162162162162163,58.648648648648646
307,307,11,,1323,27.2108843537415,0.0,1.2849584278155708,71.50415721844293,29.18918918918919,0.0,12.162162162162163,58.648648648648646
308,99,11,,421,56.53206650831354,0.0,4.513064133016627,38.95486935866984,29.18918918918919,0.0,12.162162162162163,58.648648648648646
309,257,11,2014-11-24 14:10:00,2796,30.32904148783977,0.3576537911301859,0.5364806866952789,68.49070100143062,29.18918918918919,0.0,12.162162162162163,58.648648648648646
310,72,11,,1349,24.610822831727205,0.0,0.6671608598962194,74.72201630837657,29.18918918918919,0.0,12.162162162162163,58.648648648648646
311,227,11,,1451,5.237767057201929,0.0,1.7918676774638185,92.90144727773948,29.18918918918919,0.0,12.162162162162163,58.648648648648646
312,39,11,,2014,34.55809334657398,0.2482621648460774,0.99304865938431,64.20059582919563,29.18918918918919,0.0,12.162162162162163,58.648648648648646
313,198,11,,1753,7.6440387906446094,4.848830576155162,27.837992013690812,53.45122646891044,29.18918918918919,0.0,12.162162162162163,58.648648648648646
314,168,11,,620,21.935483870967744,0.6451612903225806,12.096774193548388,65.32258064516128,29.18918918918919,0.0,12.162162162162163,58.648648648648646
315,372,11,2014-11-24 14:10:00,404,47.02970297029702,0.0,7.920792079207921,44.55445544554456,29.18918918918919,0.0,12.162162162162163,58.648648648648646
316,27,11,2014-11-24 14:10:00,1887,45.15103338632751,0.7949125596184419,0.4239533651298357,53.63010068892422,29.18918918918919,0.0,12.162162162162163,58.648648648648646
317,480,11,,1,100.0,0.0,0.0,0.0,29.18918918918919,0.0,12.162162162162163,58.648648648648646
318,281,11,,0,0.0,0.0,0.0,0.0,29.18918918918919,0.0,12.162162162162163,58.648648648648646
319,292,11,,0,0.0,0.0,0.0,0.0,29.18918918918919,0.0,12.162162162162163,58.648648648648646
320,120,11,,1911,14.076399790685503,0.0,0.1046572475143903,85.8189429618001,29.18918918918919,0.0,12.162162162162163,58.648648648648646
321,306,11,,329,9.422492401215806,0.0,0.60790273556231,89.96960486322189,29.18918918918919,0.0,12.162162162162163,58.648648648648646
322,263,11,2014-11-24 14:25:00,899,17.130144605116797,2.113459399332592,6.451612903225806,69.07675194660735,29.18918918918919,0.0,12.162162162162163,58.648648648648646
323,279,11,2014-11-24 14:10:00,989,20.42467138523761,3.0333670374115265,1.6177957532861478,72.90192113245702,29.18918918918919,0.0,12.162162162162163,58.648648648648646
324,139,11,,971,39.03192584963955,7.621009268795056,2.883625128733265,34.29454170957775,29.18918918918919,0.0,12.162162162162163,58.648648648648646
325,67,11,,1394,12.48206599713056,4.66284074605452,61.62123385939742,15.853658536585366,29.18918918918919,0.0,12.162162162162163,58.648648648648646
326,154,11,,1369,30.533235938641347,2.118334550766983,7.523739956172388,59.38641344046749,29.18918918918919,0.0,12.162162162162163,58.648648648648646
327,105,11,2014-11-24 14:10:00,614,31.596091205211724,0.0,0.4885993485342019,66.61237785016286,29.18918918918919,0.0,12.162162162162163,58.648648648648646
328,324,11,,377,12.9973474801061,0.0,9.283819628647215,77.71883289124668,29.18918918918919,0.0,12.162162162162163,58.648648648648646
329,326,11,,173,3.4682080924855487,0.0,0.0,95.95375722543352,29.18918918918919,0.0,12.162162162162163,58.648648648648646
330,382,11,,587,38.84156729131176,0.0,1.7035775127768311,59.28449744463373,29.18918918918919,0.0,12.162162162162163,58.648648648648646
331,104,11,2014-11-24 14:30:00,130,26.15384615384616,0.0,0.7692307692307693,73.07692307692307,29.18918918918919,0.0,12.162162162162163,58.648648648648646
332,315,11,,470,40.21276595744681,0.851063829787234,15.74468085106383,38.51063829787234,29.18918918918919,0.0,12.162162162162163,58.648648648648646
333,460,11,2014-11-24 14:10:00,606,36.63366336633664,0.0,0.33003300330033,63.03630363036304,29.18918918918919,0.0,12.162162162162163,58.648648648648646
334,402,11,2014-11-24 16:45:00,2526,39.78622327790974,5.7007125890736345,13.30166270783848,35.82739509105305,29.18918918918919,0.0,12.162162162162163,58.648648648648646
335,172,11,,321,5.29595015576324,0.6230529595015576,0.3115264797507788,93.45794392523364,29.18918918918919,0.0,12.162162162162163,58.648648648648646
336,167,11,,364,13.186813186813188,0.0,0.0,86.81318681318682,29.18918918918919,0.0,12.162162162162163,58.648648648648646
337,282,11,,178,36.51685393258427,2.808988764044944,0.0,60.67415730337079,29.18918918918919,0.0,12.162162162162163,58.648648648648646
338,367,11,,409,5.378973105134474,5.134474327628362,17.6039119804401,61.85819070904645,29.18918918918919,0.0,12.162162162162163,58.648648648648646
339,293,11,2014-11-24 14:35:00,1213,26.133553173948886,1.7312448474855728,30.502885408079145,35.9439406430338,29.18918918918919,0.0,12.162162162162163,58.648648648648646
340,5,11,2014-11-26 14:10:00,1838,39.7170837867247,0.0,0.5984766050054406,59.630032644178456,29.18918918918919,0.0,12.162162162162163,58.648648648648646
341,277,11,,0,0.0,0.0,0.0,0.0,29.18918918918919,0.0,12.162162162162163,58.648648648648646
342,390,11,,34,97.05882352941175,0.0,0.0,2.941176470588235,29.18918918918919,0.0,12.162162162162163,58.648648648648646
343,349,11,,1532,38.642297650130544,5.287206266318538,18.472584856396868,36.8798955613577,29.18918918918919,0.0,12.162162162162163,58.648648648648646
344,128,11,,70,18.571428571428573,0.0,0.0,81.42857142857143,29.18918918918919,0.0,12.162162162162163,58.648648648648646
345,465,11,2014-11-25 19:05:00,487,16.427104722792606,0.0,0.2053388090349076,83.3675564681725,29.18918918918919,0.0,12.162162162162163,58.648648648648646
346,199,11,,93,0.0,0.0,0.0,100.0,29.18918918918919,0.0,12.162162162162163,58.648648648648646
347,20,11,,408,9.31372549019608,1.715686274509804,1.2254901960784317,84.31372549019608,29.18918918918919,0.0,12.162162162162163,58.648648648648646
348,397,11,2014-11-24 14:10:00,1025,29.560975609756092,0.0,6.634146341463415,63.31707317073171,29.18918918918919,0.0,12.162162162162163,58.648648648648646
349,491,11,,407,0.9828009828009828,0.0,0.0,99.01719901719902,29.18918918918919,0.0,12.162162162162163,58.648648648648646
350,299,11,,84,100.0,0.0,0.0,0.0,29.18918918918919,0.0,12.162162162162163,58.648648648648646
351,476,11,,1101,35.694822888283376,0.2724795640326975,0.2724795640326975,63.76021798365122,29.18918918918919,0.0,12.162162162162163,58.648648648648646
352,183,11,2014-11-25 05:30:00,1430,17.692307692307693,0.0,2.657342657342657,79.23076923076923,29.18918918918919,0.0,12.162162162162163,58.648648648648646
353,445,11,2014-11-25 14:10:00,414,44.20289855072464,0.4830917874396135,2.898550724637681,52.41545893719807,29.18918918918919,0.0,12.162162162162163,58.648648648648646
354,185,11,,904,24.557522123893804,0.0,0.1106194690265486,74.77876106194691,29.18918918918919,0.0,12.162162162162163,58.648648648648646
355,328,11,2014-11-24 19:05:00,1741,8.960367604824814,7.064905226881104,13.44055140723722,59.16140149339461,29.18918918918919,0.0,12.162162162162163,58.648648648648646
356,129,11,,487,1.8480492813141685,0.0,0.0,97.94661190965093,29.18918918918919,0.0,12.162162162162163,58.648648648648646
357,64,11,,495,22.22222222222222,0.0,27.474747474747478,50.30303030303031,29.18918918918919,0.0,12.162162162162163,58.648648648648646
358,302,11,,273,39.56043956043956,0.0,0.0,47.98534798534799,29.18918918918919,0.0,12.162162162162163,58.648648648648646
359,469,11,2014-11-28 17:35:00,530,0.1886792452830188,0.0,0.0,99.811320754717,29.18918918918919,0.0,12.162162162162163,58.648648648648646
360,97,11,2014-11-25 03:10:00,756,35.05291005291005,2.6455026455026456,0.1322751322751322,59.12698412698413,29.18918918918919,0.0,12.162162162162163,58.648648648648646
361,61,11,2014-11-24 14:30:00,1010,21.386138613861387,2.376237623762376,8.217821782178218,67.82178217821783,29.18918918918919,0.0,12.162162162162163,58.648648648648646
362,280,11,,1186,50.25295109612141,0.0843170320404721,2.4451939291736933,47.217537942664414,29.18918918918919,0.0,12.162162162162163,58.648648648648646
363,395,11,,875,30.51428571428572,0.1142857142857143,6.514285714285714,62.62857142857143,29.18918918918919,0.0,12.162162162162163,58.648648648648646
364,196,11,,0,0.0,0.0,0.0,0.0,29.18918918918919,0.0,12.162162162162163,58.648648648648646
365,332,11,2014-11-26 23:45:00,89,16.853932584269664,0.0,5.617977528089887,69.66292134831461,29.18918918918919,0.0,12.162162162162163,58.648648648648646
366,14,11,,968,22.107438016528928,2.272727272727273,31.818181818181817,33.057851239669425,29.18918918918919,0.0,12.162162162162163,58.648648648648646
367,231,11,2014-11-24 17:10:00,762,53.93700787401576,1.7060367454068242,10.36745406824147,33.07086614173229,29.18918918918919,0.0,12.162162162162163,58.648648648648646
368,363,11,2014-11-24 14:10:00,1254,50.15948963317385,0.3189792663476874,4.30622009569378,43.620414673046255,29.18918918918919,0.0,12.162162162162163,58.648648648648646
369,331,11,,0,0.0,0.0,0.0,0.0,29.18918918918919,0.0,12.162162162162163,58.648648648648646
